Otros,Cuentas Premium para JDownloader 2 (Actualizadas 8 de Febrero) [U4E],2019,02,07,23,Vekin,2
Otros,Viu accounts,2019,02,07,21,Zeya khan,14
Spotify,x40 Spotify Premium,2019,02,07,20,alexpsi,14
Otros,x10 Cuentas Clarovideo,2019,02,07,17,Dimitrikross,25
Otros,x50 Cuentas Pornhub,2019,02,07,17,Dimitrikross,34
Bins,Bin Play Store Trabajando [VyprVPN  Hma  Starzplay  Foxplus HBO Now ],2019,02,07,16,Dimitrikross,23
Otros,x10 Cuentas Hulu Premium,2019,02,07,16,Dimitrikross,20
Otros,x20 Cuentas HBO España,2019,02,07,15,Dimitrikross,26
Bins,Bin Netflix +Link - Numero de teléfono temporal (código de confirmación),2019,02,04,13,ALEX2019,124
Otros,x100 cuentas Udemy con cursos,2019,02,07,12,alexpsi,29
Spotify,x95 Cuentas Spotify | Varios Planes,2019,02,07,11,Dimitrikross,47
Otros,Cuentas Premium para JDownloader 2 (Actualizadas 7 de Febrero) [U4E],2019,02,07,11,Vekin,23
Otros,Cuentas Premium JDownloader 2 [Actualizadas 07 Febrero 2019] [U4E],2019,02,07,02,Magallanerazo,27
Spotify,x40 Cuentas Spotify | Varios planes,2019,02,05,21,Dimitrikross,65
Otros,X1300 Cuentas WISH con balance,2019,02,06,17,ALEX2019,62
Netflix,x70 Cuentas Netflix | Varios Planes,2019,02,05,20,Dimitrikross,240
Otros,x21 Plex Premium,2019,02,04,10,alexpsi,85
Otros,X340 Cuentas ORIGIN con captura de juegos,2019,02,06,17,ALEX2019,26
Spotify,X310 Cuentas SPOTIFY PREMIUM - Planes persoanles  familiares y estudiantes.,2019,02,06,16,ALEX2019,54
Otros,X850 Cuentas MEGA.NZ - recién sacadas,2019,02,06,15,ALEX2019,67
Otros,x4 Cuentas Uplay,2019,02,06,13,andyliotta,22
Bins,Bin NETFLIX Indonesia sin confirmacion de sms + Video tutorial,2019,02,06,11,ALEX2019,111
Bins,Bin Spotify con tu Propia IP + Video Tutorial,2019,02,06,11,ALEX2019,44
Otros,x10 WWE Network Premium,2019,02,06,11,alexpsi,17
Otros,X25 DE HULU +HBO AUTOPAGABLES,2019,02,06,09,Jarol17,44
Netflix,2 CUENTAS PREMIUM NETFLIX AUTOPAGABLES,2019,02,06,08,Jarol17,66
Bins,Bin Multifuncional Via Paypal  Сrunchyroll  VyprVPN  TIDAL.,2019,02,05,20,Dimitrikross,61
Otros,Cuentas Premium JDownloader 2  [Actualizads 06-02-2019] [U4E],2019,02,06,02,Magallanerazo,29
Otros,Cuentas Premium para JDownloader 2 (Actualizadas 6 de Febrero) [U4E],2019,02,05,21,Vekin,50
Otros,x100 Cuentas Hulu Premium,2019,02,05,20,Dimitrikross,32
Otros,x30 Cuentas Crunchyroll Premium,2019,02,05,20,Dimitrikross,26
Spotify,x78 Cuentas Spotify Premium,2019,02,05,16,Dimitrikross,47
Otros,109k Gmail.com USA Domain HQ Combolist + Proxy List 5 February 2019,2019,02,05,14,ALEX2019,31
Otros,x30 Hulu Premium,2019,02,05,10,alexpsi,39
Bins,BIN PORNOHUB,2019,02,05,10,ALEX2019,51
Spotify,x500 Cuentas Spotify Premium,2019,02,01,11,Dimitrikross,140
Spotify,X3500 Cuentas Premium y Premium Family,2019,01,31,20,ALEX2019,73
Otros,Cuentas Premium JDownloader 2 [Actualizadas 05 Febrero 2019] [U4E],2019,02,04,23,Magallanerazo,70
Otros,Cuentas Premium para JDownloader 2 (Actualizadas 5 de Febrero) [U4E],2019,02,04,22,Vekin,47
Otros,x10 Cuentas HULU Premium,2019,02,04,19,Dimitrikross,62
Bins,Bin Amazon Video Trabajando full,2019,02,04,19,Dimitrikross,74
Spotify,x10 Cuentas Spotify Premium,2019,02,04,18,Dimitrikross,49
Otros,41K NETFLIX DORKS,2019,02,04,15,ALEX2019,123
Netflix,NEW CONFIG STROM NETFLIX 2019 FUNCIONANDO PROXYS,2019,02,04,14,Camilog,70
Netflix,X8 cuentas netflix,2019,02,04,10,Camilog,110
Spotify,x40 Spotify Premium,2019,02,04,10,alexpsi,52
Otros,X510 CUENTAS UDEMY PREMIUM PAID,2019,02,04,09,ALEX2019,45
Otros,Cuentas Premium JDownloader 2 [Actualizadas 04 Febrero 2019] [U4E],2019,02,04,04,Magallanerazo,40
Otros,Cuentas Premium para JDownloader 2 (Actualizadas 4 de Febrero) [U4E],2019,02,03,21,Vekin,45
Bins,Bin Napster,2019,02,03,20,ALEX2019,37
Otros,X2900 Cuentas PSN - PlayStation Network,2019,01,31,20,ALEX2019,34
Netflix,x2 Cuentas Netflix,2019,01,31,15,Dimitrikross,125
Netflix,x10 Cuentas Netflix,2019,01,30,19,Dimitrikross,78
Netflix,x7 Cuentas Netflix,2019,01,31,12,Dimitrikross,84
Otros,x7 Cuentas Scribd premium,2019,01,30,09,alexpsi,74
Otros,Cuentas Brazzers  Pornhub,2019,01,31,11,Dimitrikross,111
Otros,x40 hulu Premium,2019,01,31,11,alexpsi,35
Spotify,x10 Cuentas Spotify Premium,2019,01,31,11,Dimitrikross,60
Otros,x20 Cuentas HULU Premium,2019,01,31,11,Dimitrikross,36
Otros,x20 Cuentas UPLAY,2019,01,31,10,Dimitrikross,24
Otros,690K HQ COMBO (NETFLIX MINECRAFT STEAM ՏPÓTIFY FORNITE),2019,01,31,10,Dimitrikross,34
Cookies,X 9 cookies Netflix- google chrome [31/1/2019],2019,01,31,09,krostyss,113
Cookies,X 12 cookies Netflix- google chrome [30/1/2019] PARTE 2,2019,01,30,19,krostyss,100
Otros,Lista IPTV m3u Movistar España y de todo los paises canales en HD,2019,01,31,06,Toshibal300,90
Otros,Cuentas Premium JDownloader 2 [Actualizadas 31 Enero 2019] [U4E],2019,01,31,03,Magallanerazo,51
Otros,Cuentas Premium para JDownloader 2 (Actualizadas 31 de Enero) [U4E],2019,01,30,22,Vekin,34
Netflix,x20 Cuentas Netflix,2019,01,30,19,Dimitrikross,89
Otros,385K Combo (Spotify Deezer Crunchy Netflix uPlay Steam Origin),2019,01,30,19,Dimitrikross,47
Netflix,x40 Cuentas Netflix,2019,01,30,19,Dimitrikross,292
Otros,x10 Cuentas UPLAY,2019,01,30,19,Dimitrikross,26
Otros,x90 Cuentas Hulu Premium,2019,01,30,19,Dimitrikross,33
Otros,x3 Cuentas Crunchyroll,2019,01,30,19,Dimitrikross,22
Spotify,x9 Cuentas Spotify Premum,2019,01,30,18,Dimitrikross,27
Spotify,x30 Spotify premium,2019,01,30,18,alexpsi,25
Cookies,X 12 cookies Netflix- google chrome [30/1/2019],2019,01,30,10,krostyss,79
Otros,Cuentas Premium JDownloader 2 [Actualizadas 30 Enero 2019] [U4E],2019,01,30,05,Magallanerazo,74
Otros,Cuentas Premium para JDownloader 2 (Actualizadas 30 de Enero) [U4E],2019,01,29,21,Vekin,49
Otros,457k Combo HQ [Email_Pass][Netflix Deezer Spotify  Fortnite  Origin fibit  Minecraft],2019,01,29,19,Dimitrikross,86
Otros,x100 Cuentas Premium UPLAY,2019,01,29,19,Dimitrikross,42
Bins,Bin Spotify Premium Trabajando Full,2019,01,29,18,Dimitrikross,50
Otros,x3 Cuentas Crunchyroll,2019,01,29,18,Dimitrikross,33
Spotify,x15 Cuentas Spotify Premium,2019,01,29,18,Dimitrikross,36
Netflix,x10 Cuentas Netflix,2019,01,29,18,Dimitrikross,71
Netflix,x16 Cuentas Netflix,2019,01,29,18,Dimitrikross,56
Cookies,X 4 cookies Netflix- google chrome [29/1/2019],2019,01,29,17,krostyss,77
Spotify,x50 Spotify Premium,2019,01,29,13,alexpsi,54
Otros,x7 WWE Network Premium,2019,01,29,12,alexpsi,28
Cookies,X 8 cookies Netflix- google chrome [29/1/2019],2019,01,29,12,krostyss,83
Spotify,x13 Cuentas Spotify Premium Gratis,2019,01,29,10,Dimitrikross,54
Otros,x15 Cuentas Pornhub Premium,2019,01,29,10,Dimitrikross,65
Netflix,x5 Netflix Cuentas,2019,01,29,10,Dimitrikross,48
Netflix,x9 Cuentas Netflix,2019,01,29,09,Dimitrikross,38
Netflix,x13 Cuentas Netflix Premium,2019,01,29,09,Dimitrikross,55
Netflix,x1 Cuentas Netflix,2019,01,29,09,Dimitrikross,29
Cookies,X 8 cookies Netflix- google chrome [28/1/2019],2019,01,28,11,krostyss,118
Otros,Cuentas Premium para JDownloader 2 (Actualizadas 28 de Enero) [U4E],2019,01,27,22,Vekin,85
Cookies,X 8 cookies Netflix- google chrome [28/1/2019] PARTE 2,2019,01,28,18,krostyss,35
Otros,x5 Cuentas Crunchyroll Premium,2019,01,28,17,Dimitrikross,43
Otros,x5 Cuentas Hulu Premium,2019,01,28,17,Dimitrikross,31
Netflix,50X NETFLIX WORKING ACCOUNTS ✅ BE FAST✅,2019,01,28,15,dalio50,105
Bins,Bin OVH via Paypal,2019,02,03,20,ALEX2019,40
Otros,VyprVPN Checker 2.1,2019,02,03,20,ALEX2019,41
Otros,HQ NEW NETFLIX CONFIG FOR STORM WITH CAPTURES,2019,02,03,20,ALEX2019,74
Otros,New Netflix Config Working Premium Full capture Blackbullet,2019,02,03,19,ALEX2019,57
Otros,X 1600 Cuentas CBS Premium,2019,02,03,19,ALEX2019,45
Netflix,x13 Cuentas Netflix Premium,2019,02,03,13,Dimitrikross,217
Netflix,x8 Cuentas Netflix,2019,02,03,12,Dimitrikross,71
Spotify,x35 Cuentas Spotify Premium,2019,02,03,12,Dimitrikross,57
Otros,x50 Cuentas Brazzers Premium,2019,02,03,12,Dimitrikross,107
Cookies,X 6 cookies Netflix- google chrome [31/1/2019] PARTE 2 RENOVADAS X ROBO DE CEREALGIRL,2019,01,31,17,krostyss,276
Netflix,X2 CUENTAS DE NETFLIX AUTOPAGABLES,2019,02,03,09,Jarol17,80
Bins,Bin Twitch Prime,2019,02,03,07,Jarol17,40
Otros,Cuentas Premium JDownloader 2 [Actualizadas 03 Febrero 2019] [U4E],2019,02,03,00,Magallanerazo,63
Otros,x12 Cuentas Crunchyroll,2019,02,02,15,Dimitrikross,68
Otros,643K Combo (SPOTIFY Deezer Crunchyroll Nenflix uPlay Steam Origin),2019,02,02,18,Dimitrikross,62
Otros,Cuentas Premium para JDownloader 2 (Actualizadas 3 de Febrero) [U4E],2019,02,02,22,Vekin,39
Otros,x5 Cuentas NordVPN Premium,2019,02,02,20,Dimitrikross,66
Otros,X1000 CUENTAS DE CRUNCHYROLL PREMIUM,2019,02,02,21,Jarol17,42
Otros,x3 Cuentas ESPN + Premium,2019,02,02,19,Dimitrikross,58
Bins,Bin para ESPN +,2019,02,02,19,Dimitrikross,33
Bins,Bin para Deezer Premium,2019,02,02,19,Dimitrikross,42
Bins,Bin para NordVPN,2019,02,02,19,Dimitrikross,33
Bins,Bin para Hulu Premium,2019,02,02,18,Dimitrikross,36
Bins,Bin Netflix Direct - España,2019,02,02,14,ALEX2019,132
Otros,x20 Cuentas Tidal [Music],2019,02,02,15,Dimitrikross,38
Otros,x20 Cuentas ClaroVideo,2019,02,02,15,Dimitrikross,93
Bins,Bin Scribd,2019,02,02,14,ALEX2019,49
Otros,X2500 Cuentas Uplay VIP,2019,02,02,14,ALEX2019,26
Bins,Bin Twitch Prime,2019,02,02,14,ALEX2019,72
Bins,Bin Telcel Recargas,2019,02,02,14,ALEX2019,62
Otros,Bin Twitch Prime 1 mes,2019,02,02,14,ALEX2019,27
Otros,x40 Crunchyroll Premium,2019,02,02,10,alexpsi,35
Otros,552K [EMAIL:PASS] COMBO [MINECRAFT  FORNITE NETFLIX SPOTIFY HULU Deezer Steam CRUNCHYROLL UPLAY],2019,01,31,11,Dimitrikross,116
Spotify,x25 Cuentas Spotify Premium,2019,02,01,17,Dimitrikross,68
Otros,Cuentas Premium para JDownloader 2 (Actualizadas 2 de Febrero) [U4E],2019,02,01,22,Vekin,70
Otros,Cuentas Premium JDownloader 2  [Febrero 2 de 2019]  [DU],2019,02,01,20,pescaill,39
Bins,BIN VYPRVPN DIRECTO trabajando full,2019,02,01,19,Dimitrikross,109
Otros,x4 Cuentas Origin,2019,02,01,19,Dimitrikross,36
Otros,x50 Cuentas HULU Premium,2019,02,01,17,Dimitrikross,54
Otros,589K [EMAIL:PASS] COMBO [MINECRAFT  FORNITE NETFLIX SPOTIFY HULU Deezer Steam CRUNCHYROLL uPlay],2019,02,01,12,Dimitrikross,81
Otros,x35 Cuentas Origin,2019,02,01,14,alexpsi,40
Otros,X 400 Cuentas WISH,2019,02,01,12,ALEX2019,24
Otros,x7 Cuentas Tidal Premium,2019,02,01,12,Dimitrikross,34
Spotify,x40 Spotify Premium,2019,02,01,10,alexpsi,35
Otros,Cuentas Premium JDownloader 2 [Actualizadas 01 Febrero 2019] [U4E],2019,02,01,01,Magallanerazo,60
Otros,Cuentas Premium para JDownloader 2 (Actualizadas 1 de Febrero) [U4E],2019,01,31,22,Vekin,33
Spotify,x30 Spotify Premium,2019,01,31,21,alexpsi,57
Bins,Bin Netflix Directo,2019,01,31,20,ALEX2019,60
Otros,X 1500 Cuentas CrunchyRoll Premium,2019,01,31,20,ALEX2019,29
Otros,X200 Cuentas Steam con Juegos,2019,01,31,20,ALEX2019,27
Netflix,x3 cookies nuevos de netflix "SIN PIN",2019,01,15,18,Dimitrikross,55
Otros,3 СԱЄИҬѦՏ TIDAL,2019,01,15,18,Dimitrikross,34
Otros,x7 СԱЄИҬѦՏ СГԱИСӉүГѺLL HQ & (mixed),2019,01,15,18,Dimitrikross,36
Spotify,x7 cuentas spotify Premium HQ (Mixed Plan),2019,01,15,18,Dimitrikross,59
Otros,x7 MINECRAFT Premium Accounts,2019,01,15,18,Dimitrikross,37
Otros,150 Cuentas FORNITE,2019,01,15,18,Dimitrikross,40
Otros,cuentas premium hulu,2019,01,15,18,Dimitrikross,37
Netflix,CUENTAS NETFLIX PREMIUM 4 SCREEN,2019,01,15,16,Dimitrikross,93
Netflix,NUEVOS COOKIES DE NETFLIX GRATIS,2019,01,15,16,Dimitrikross,74
Spotify,cuentas spotify premium,2019,01,15,15,Dimitrikross,57
Netflix,cookies de netflix gratis,2019,01,15,15,Dimitrikross,45
Spotify,x13 Cuentas Spotify PREMIUM FAMILY (AUTOPAGABLE),2019,01,15,14,Keppler22,48
Cookies,X 8 cookies Netflix- google chrome [15/1/2019],2019,01,15,08,krostyss,204
Spotify,+10 Spotify Premium Autopagables,2019,01,15,01,Jota,70
Otros,CUENTAS BRAZZERS PREMIUM,2018,11,21,20,Dimitrikross,934
Otros,Nuevas cuentas brazzers premium gratis,2019,01,14,18,Dimitrikross,169
Cookies,X 8 cookies Netflix- google chrome [14/1/2019] Parte 2,2019,01,14,17,krostyss,93
Otros,X600 Cuentas Minecraft Premium,2019,01,14,17,ALEX2019,36
Otros,cuentas brazzers y mas,2019,01,14,16,Dimitrikross,91
Netflix,NUEVAS CUENTAS NETFLIX,2019,01,14,16,Dimitrikross,171
Spotify,NUEVAS CUENTAS DE SPOTIFY PREMIUM,2019,01,14,15,Dimitrikross,73
Netflix,COOKIES DE NETFLIX FUNCIONANDO,2019,01,14,15,Dimitrikross,109
Otros,7 Cuentas Origin con muchos juegos +200,2019,01,14,14,Jota,70
Otros,25 cuentas ClaroVideo diferentes países Latinoamerica,2019,01,14,10,cesarockss,141
Cookies,X 8 cookies Netflix- google chrome [14/1/2019] Lunes de Netflix !!!,2019,01,14,10,krostyss,172
Otros,x05 DEEZER PREMIUM AUTOPAGABLE,2019,01,13,10,Dimitrikross,71
Cookies,Proxys VIP Socks4  Socks5  SSL 14-01-2019,2019,01,14,00,Jota,36
Netflix,x06 cuentas netflix premium gratis,2019,01,12,10,Dimitrikross,280
Otros,Nuevas cuentas de claro video funcionando al 100%,2019,01,13,18,Dimitrikross,117
Cookies,X 8 cookies Netflix- google chrome [13/1/2019] Domingo de Netflix !!!,2019,01,13,16,krostyss,153
Netflix,cookies de netflix funcionando,2019,01,13,11,Dimitrikross,252
Otros,CUENTAS PREMIUM WWE Network,2019,01,13,12,Dimitrikross,88
Spotify,x90 cuentas premium spotify,2019,01,13,11,Dimitrikross,112
Spotify,X100 NUEVAS CUENTAS SPOTIFY  PREMIUM,2019,01,12,10,Dimitrikross,191
Otros,CUENTAS DE FORNITE FULL GRATIS,2019,01,13,10,Dimitrikross,41
Bins,BINS MULTIFUNCIONAL FUNCIONALES,2019,01,13,10,Dimitrikross,106
Cookies,X 8 cookies Netflix- google chrome [13/1/2019] Domingo de Netflix !!!,2019,01,13,10,krostyss,162
Netflix,X4 Cookies Netflix Chrome con Edit This Cookie Sábado 12/01/2019,2019,01,12,17,gmc3107,94
Otros,x15 cuentas Crunchyroll Premium AUTOPAGABLE | ANIME | DRAMA | MANGA | PREMIUM,2019,01,12,10,Dimitrikross,95
Cookies,X 8 cookies Netflix- google chrome [12/1/2019] Sábado de Netflix!!!,2019,01,12,09,krostyss,195
Otros,CUENTAS BRAZZERS PREMIUM GRATIS,2019,01,12,09,Dimitrikross,192
Netflix,Cookies de Cuentas netflix,2019,01,10,14,Dimitrikross,148
Spotify,x10 cuentas Spotify Premium,2019,01,10,15,Dimitrikross,121
Spotify,5 Cuentas Premium Spotify Autopagables 2k19,2019,01,11,04,Jota,143
Otros,CUENTAS BRAZZERS  MOFOS  BANGBROSS  ETC.,2019,01,10,15,Dimitrikross,222
Otros,15 Cuentas ClaroVideo diferentes países Latinoamerica,2019,01,08,10,cesarockss,140
Otros,24 Cuentas ClaroVideo diferentes países Latinoamerica,2019,01,04,20,cesarockss,173
Otros,CUENTAS FOXPLAY PREMIUM GRATIS (series  streaming  peliculas),2018,11,21,18,Dimitrikross,509
Otros,x3 cuentas Xfinity autopagables,2018,11,03,16,david22,252
Spotify,+10 Cuentas Spotify P,2018,12,09,01,Jota,307
Otros,24 cuentas ClaroVideo diferentes Países,2019,01,03,12,cesarockss,85
Spotify,Más de 40 cuentas Spotify,2019,01,02,13,Jota,244
Otros,100 cuentas ClaroVideo Diferentes países,2018,12,31,19,cesarockss,247
Otros,X7 Claro Video Cuentas Premium,2018,11,30,13,SamerNavarro,234
Spotify,200 Aprox Cuentas Spotify diferentes Planes,2018,12,27,15,david22,276
Spotify,35 Cuentas Spotify Autopagables,2018,12,23,18,david22,196
Spotify,x225 Spotify Premium Frescas (Autopagables),2018,12,22,09,david22,175
Spotify,x321 Spotify Premium Frescas,2018,12,19,07,david22,127
Spotify,x100 Spotify Premium Frescas (Autopagables),2018,12,18,09,david22,108
Otros,x3 Videos Claro,2018,12,15,15,david22,148
Spotify,x370 Spotify Premium Frescas (Autopagables),2018,12,15,15,david22,120
Otros,Combo Netflix y Spotify (usar checker para cada uno) 2,2018,12,06,14,Jota,423
Otros,Combo Netflix y Spotify (usar checker para cada uno)  1,2018,12,06,14,Jota,198
Spotify,x100 Cuentas Spotify premium/family,2018,12,04,08,david22,168
Spotify,x56 Cuentas Spotify premium/family,2018,11,26,08,david22,199
Spotify,x70 cuentas Spotify autopagables,2018,11,24,14,david22,156
Spotify,x60 Cuentas Spotify premium/family,2018,11,23,07,david22,149
Otros,x09 CUENTAS CLARO VIDEO AUTOPAGABLE,2018,11,22,11,Dimitrikross,169
Netflix,x03 CUENTAS NETFLIX PREMIUM,2018,11,22,10,Dimitrikross,608
Netflix,CUENTAS NETFLIX,2018,11,21,18,Dimitrikross,353
Otros,CUENTAS DE CLARO VIDEO PREMIUM,2018,11,21,18,Dimitrikross,181
Otros,Licencias ESET [8-9-10-11] Todas las Versiones 2018[S4U],2018,11,20,20,guakson,191
Netflix,x12 netflix recien creadas autopagables,2018,11,20,09,kekiton,335
Spotify,x54 Cuentas Spotify premium for family,2018,11,19,09,david22,163
Spotify,x105 cuentas spotify premium + for family autopagables,2018,11,15,12,david22,181
Spotify,x54 Cuentas Spotify premium/family,2018,11,14,17,david22,119
Spotify,x100 spotify premium + for family,2018,11,14,12,david22,157
Spotify,x80 cuentas spotitfy premium + for family,2018,11,12,12,david22,214
Spotify,Spotify Premium Country  x293,2018,11,12,11,david22,142
Otros,x6 cuentas clarovideo premium autopagables,2018,11,11,23,david22,213
Spotify,x54 Cuentas Spotify premium,2018,11,12,08,david22,128
Otros,x4 cuentas Fox plus premium,2018,11,11,23,david22,182
Spotify,+20 Account Spotify Premium,2018,11,11,22,david22,99
Spotify,X55 Cuentas Spotify premium/family.,2018,11,11,20,david22,79
Spotify,x52 Cuentas Spotify premium/family.,2018,11,11,20,david22,82
Spotify,x80 cuentas spotify premium autopagables,2018,11,11,16,david22,116
Spotify,x53 Cuentas Spotify premium/family,2018,11,10,13,david22,128
Otros,x3 cuentas clarovideo premium autopagables,2018,11,09,23,david22,150
Spotify,x 47 Cuentas Spotify Plan Family Autopagables,2018,11,09,23,david22,108
Spotify,x51 Cuentas Spotify premium/family,2018,11,09,17,david22,81
Spotify,x100 cuentass spotify premium + for family,2018,11,09,14,david22,103
Spotify,x52 Cuentas Spotify premiumfamily,2018,11,09,08,david22,104
Otros,x4 cuentas clarovideo premium autopagables,2018,11,09,00,david22,100
Spotify,x 150 Cuentas Spotify Premium Autopagables,2018,11,08,20,david22,95
Spotify,x55 Cuentas Spotify premium/family,2018,11,08,10,david22,118
Spotify,x51 Cuentas Spotify premium family,2018,11,07,00,david22,97
Spotify,x120 Cuentas Spotify Premium Autopagables,2018,11,05,11,david22,194
Spotify,x30 Spotify Premium,2018,11,05,11,david22,107
Spotify,x 50 Cuentas Spotify Premium/Family,2018,11,05,10,david22,86
Netflix,x4 Netflix,2018,11,02,21,david22,530
Otros,x6 Cuentas Brazzers  pornhub,2019,01,28,14,Dimitrikross,112
Spotify,x100 Cuentas Spotify Premium,2019,01,28,14,Dimitrikross,54
Netflix,x16 Cuentas Netflix Premium,2019,01,28,12,Dimitrikross,99
Bins,BIN VYPRVPN DIRECT,2019,01,28,12,Dimitrikross,41
Otros,x106 Cuentas Uplay con juegos,2019,01,28,10,alexpsi,40
Bins,BIN DIRECTO NETFLIX,2019,01,28,10,Dimitrikross,79
Cookies,X 8 cookies Netflix- google chrome [27/1/2019] Domingo de NETFLIX !!Parte 2,2019,01,27,16,krostyss,142
Otros,Cuentas Premium JDownloader 2 [Actualizadas 28 Enero 2019] [U4E],2019,01,27,23,Magallanerazo,57
Otros,x160 Cuentas Udemy con diferentes cursos,2019,01,27,16,alexpsi,85
Otros,x6 Cuentas Brazzers  Pornhub,2019,01,27,16,Dimitrikross,76
Spotify,x100 Cuentas Spotify Premium,2019,01,27,15,Dimitrikross,111
Netflix,x400 Netflix Premium Accounts Freshly Cracked,2019,01,24,15,dalio50,193
Cookies,X 8 cookies Netflix- google chrome [27/1/2019] Domingo de NETFLIX!!,2019,01,27,12,krostyss,180
Netflix,Sorteo x1 Cuenta Netflix Premium,2019,01,27,09,Dimitrikross,112
Spotify,x21 Spotify Premium 27-01-19,2019,01,27,12,alexpsi,51
Otros,x2 Cuentas Claro Video,2019,01,27,12,Dimitrikross,76
Spotify,x20 CUENTAS SPOTIFY AUTOPAGABLES,2018,11,22,10,Dimitrikross,193
Spotify,x300 Cuentas Spotify Premium,2019,01,27,10,Dimitrikross,50
Netflix,x7 cuentas netflix premium,2019,01,24,19,Dimitrikross,181
Otros,x20 cuentas claro video premium,2019,01,10,15,Dimitrikross,295
Otros,x20 cuentas wwe network premium,2019,01,24,19,Dimitrikross,92
Otros,x4 cuentas brazzers premium,2019,01,25,11,Dimitrikross,106
Otros,x1 cuenta claro video,2019,01,26,10,Dimitrikross,64
Spotify,x4 cuentas spotify premium,2019,01,25,10,Dimitrikross,57
Otros,x40 CUENTAS NORDVPN,2019,01,24,18,Dimitrikross,82
Otros,cuentas brazzers  pornhub,2019,01,26,08,Dimitrikross,86
Bins,BIN VYPRVPN DIRECTO trabajando full,2019,01,26,13,Dimitrikross,78
Bins,BIN NETFLIX VIA PAYPAL,2019,01,25,18,Dimitrikross,130
Spotify,x4 CUENTAS SPOTIFY PREMIUM,2019,01,26,11,Dimitrikross,41
Spotify,x36 Cuentas Spotify Premium,2019,01,26,11,Dimitrikross,84
Bins,BIN SPOTIFY PREMIUM SIN VPN (BIEN EXPLICADO),2019,01,26,14,Dimitrikross,75
Bins,BIN PARA DEEZER PREMIUM Trabajando Full,2019,01,26,17,Dimitrikross,72
Netflix,x20 netflix hits checked by now,2019,01,27,07,dalio50,48
Otros,Cuentas Premium para JDownloader 2 (Actualizadas 27 de Enero) [U4E],2019,01,26,21,Vekin,64
Spotify,x17 Spotify Premium recien sacadas,2019,01,26,21,alexpsi,16
Otros,x2 cuentas claro video,2019,01,26,10,Dimitrikross,65
Otros,Cuentas Premium para JDownloader 2 (Actualizadas 26 de Enero) [U4E],2019,01,25,22,Vekin,64
Otros,Cuentas Premium para JDownloader 2 (Actualizadas 25 de Enero) [U4E],2019,01,24,22,Vekin,95
Cookies,X 8 cookies Netflix- google chrome [23/1/2019] PARTE 3,2019,01,23,16,krostyss,311
Spotify,super pack de x50 cuentas spotify premium,2019,01,25,18,Dimitrikross,63
Otros,x1 cuentas claro video autopagable,2019,01,25,11,Dimitrikross,57
Netflix,30x accounts netflix checked now,2019,01,25,07,dalio50,139
Otros,x20 cuentas deezer premium,2019,01,24,18,Dimitrikross,44
Otros,x7 cuentas brazzers premium free,2019,01,24,18,Dimitrikross,58
Spotify,cuentas spotify hulu y origin,2019,01,24,18,inpd,51
Otros,X5 CUENTAS DE PRIME VIDEO,2019,01,15,18,Dimitrikross,183
Cookies,x5 Cookies Netflix Premium Chrome 23/01/19,2019,01,23,23,serismakoa,151
Otros,cuentas de mega.zn,2019,01,20,15,Dimitrikross,144
Otros,X25 Cuentas Premium 100% Autopay,2019,01,21,16,Dimitrikross,167
Otros,cuentas de wish,2019,01,20,17,Dimitrikross,84
Bins,BIN PARA CLARO VIDEO,2019,01,19,10,Dimitrikross,96
Netflix,BIN NETFLIX,2019,01,19,10,Dimitrikross,128
Bins,BIN MULTIFUNCIONAL,2019,01,19,10,Dimitrikross,76
Spotify,cuentas spotify premium,2019,01,19,10,Dimitrikross,73
Cookies,X 8 cookies Netflix- google chrome [18/1/2019]Parte 4 y Ultima!!,2019,01,18,19,krostyss,91
Cookies,X 8 cookies Netflix- google chrome [18/1/2019] PARTE 3,2019,01,18,15,krostyss,146
Netflix,x25 cuentas netflix premium,2019,01,17,17,Dimitrikross,203
Cookies,X 8 cookies Netflix- google chrome [18/1/2019] PARTE 2,2019,01,18,12,krostyss,126
Otros,CUENTAS PREMIUM MEGA.ZN,2019,01,17,18,Dimitrikross,196
Netflix,X 9 cookies Netflix- google chrome [18/1/2019],2019,01,18,09,krostyss,143
Spotify,x22 Cuentas Spotify Autopagables | Planes Random | Recien Sacadas del Horno,2019,01,17,22,Keppler22,89
Spotify,20 Premiums Autopagables Spotify,2019,01,17,19,Jota,112
Cookies,X 9 cookies Netflix- google chrome [17/1/2019] Parte 3 y Ultima!,2019,01,17,19,krostyss,128
Spotify,Cuentas Spotify Premium,2019,01,17,19,Oliver11,23
Cookies,X 9 cookies Netflix- google chrome [17/1/2019],2019,01,17,15,krostyss,107
Otros,CUENTAS CRUNCHYROLL,2019,01,17,18,Dimitrikross,70
Netflix,X45 CUENTAS DE NETFLIX,2019,01,17,18,Dimitrikross,150
Otros,[vpn] seriales de vpn HideMyAss! [HMA],2019,01,17,18,Dimitrikross,96
Otros,CUENTAS MINECRAFT,2019,01,17,18,Dimitrikross,24
Otros,CUENTAS PREMIUM HULU,2019,01,17,18,Dimitrikross,55
Otros,CUENTAS FORNITE,2019,01,17,18,Dimitrikross,46
Bins,BIN EBAY,2019,01,17,18,Dimitrikross,48
Otros,Discord cuentas premium,2019,01,17,18,coreose,32
Otros,CUENTAS BRAZZERS PREMIUM GRATIS,2019,01,17,18,Dimitrikross,112
Otros,CUENTAS CLARO VIDEO,2019,01,17,17,Dimitrikross,101
Otros,Cuentas Premium gratis infinitas,2019,01,17,17,coreose,86
Otros,CUENTAS DE NORDVPN FUNCIONANDO,2019,01,17,17,Dimitrikross,69
Otros,CUENTAS DE TIDAL MUSIC  PREMIUM,2019,01,17,17,Dimitrikross,38
Otros,cuentas deezer premium,2019,01,17,17,Dimitrikross,47
Bins,BIN SPOTIFY IP BELGICA,2019,01,17,17,Dimitrikross,60
Bins,BIN AMAZON MEXICO,2019,01,16,17,Dimitrikross,67
Otros,cuentas pornhub premium,2019,01,17,11,Dimitrikross,156
Otros,CUENTAS BRAZZERS PREMIUM GRATIS,2019,01,17,11,Dimitrikross,93
Cookies,X 8 cookies Netflix- google chrome [17/1/2019],2019,01,17,10,krostyss,114
Spotify,7 cuentas premium,2019,01,16,17,Dimitrikross,117
Cookies,X 8 cookies Netflix- google chrome [16/1/2019] Parte 3 y ultima del dia!!,2019,01,16,18,krostyss,86
Otros,CUENTAS PORNHUB PREMIUM GRATIS,2019,01,16,18,Dimitrikross,114
Otros,CUENTAS BRAZZERS PREMIUM GRATIS,2019,01,16,18,Dimitrikross,136
Netflix,cuentas netflix premium,2019,01,16,17,Dimitrikross,109
Otros,cuentas premium DEEZER,2019,01,16,17,Dimitrikross,54
Netflix,BIN NETFLIX VIA PAYPAL,2019,01,16,17,Dimitrikross,205
Netflix,cookies netflix sin pin,2019,01,16,17,Dimitrikross,47
Cookies,X 8 cookies Netflix- google chrome [16/1/2019] Parte 2,2019,01,16,14,krostyss,75
Bins,bin netflix metodo paypal explicado 15/01/19 funcional,2019,01,15,19,Dimitrikross,399
Cookies,X 8 cookies Netflix- google chrome [16/1/2019],2019,01,16,09,krostyss,156
Cookies,X 7 cookies Netflix- google chrome [15/1/2019] Parte 2,2019,01,15,19,krostyss,88
Netflix,CUENTAS NETFLIX PREMIUM,2019,01,15,19,Dimitrikross,161
Otros,x4 cuentas Directv autopagables,2018,11,14,17,david22,367
Bins,COMO CREAR TU PROPIO CHECKER Y SACAR LIVES O CHECKAR CCS(tutorial),2019,01,15,19,Dimitrikross,102
Bins,Bin play store,2019,01,15,19,Dimitrikross,69
Spotify,30 cuentas premiun family,2019,01,23,13,inpd,60
Cookies,X 8 cookies Netflix- google chrome [23/1/2019] PARTE 2,2019,01,23,12,krostyss,139
Cookies,X 9 cookies Netflix- google chrome [23/1/2019],2019,01,23,10,krostyss,146
Otros,Cuentas Premium para JDownloader 2 (Actualizadas 23 de Enero) [U4E],2019,01,22,21,Vekin,95
Netflix,x2 cuentas netflix autopagable,2019,01,22,18,Dimitrikross,220
Cookies,X 9 cookies Netflix- google chrome [22/1/2019] Parte 2,2019,01,22,18,krostyss,165
Otros,cuentas pornhub  brazzers premium gratis,2019,01,22,18,Dimitrikross,145
Bins,BIN DIRECTO NETFLIX,2019,01,22,18,Dimitrikross,151
Spotify,x10 cuentas spotify premium,2019,01,22,17,Dimitrikross,106
Otros,x7 cuentas fornite,2019,01,22,17,Dimitrikross,53
Netflix,x10 cuentas netflix premium,2019,01,22,17,Dimitrikross,131
Cookies,X 9 cookies Netflix- google chrome [22/1/2019],2019,01,22,09,krostyss,162
Netflix,CUENTAS NETFLIX,2019,01,20,18,Dimitrikross,196
Otros,Cuentas Premium para JDownloader 2 (Actualizadas 22 de Enero) [U4E],2019,01,21,21,Vekin,76
Cookies,X 9 cookies Netflix- google chrome [21/1/2019] Lunes PARTE 4,2019,01,21,20,krostyss,116
Spotify,120 cuentas de spotify,2019,01,21,17,inpd,81
Otros,Cuentas Premium JDownloader 2 - 21/1/2019,2019,01,21,17,krostyss,68
Spotify,x20 spotify Varios Planes,2019,01,21,16,Dimitrikross,58
Cookies,X 6 cookies Netflix- google chrome [21/1/2019] Lunes PARTE 3,2019,01,21,16,krostyss,153
Otros,DEEZER PREMIUM GRATIS,2019,01,20,14,Dimitrikross,81
Cookies,X 9 cookies Netflix- google chrome [21/1/2019] Lunes PARTE 2,2019,01,21,12,krostyss,128
Cookies,X 6cookies Netflix- google chrome [21/1/2019] Lunes,2019,01,21,10,krostyss,57
Otros,672k Combo HQ [Email_Pass][Netflix Deezer Spotify  Fortnite  Origin fibit  Minecraft],2019,01,20,14,Dimitrikross,122
Otros,Cuentas Premium para JDownloader 2 (Actualizadas 21 de Enero) [U4E],2019,01,20,22,Vekin,79
Netflix,x30 cuentas netflix,2019,01,20,21,Dimitrikross,198
Cookies,X 9 cookies Netflix- google chrome [20/1/2019] Domingo de Netflix !! Parte4 y Ultima,2019,01,20,19,krostyss,105
Bins,BIN PARA NETFLIX,2019,01,20,19,Dimitrikross,158
Spotify,x50 cuentas Spotify Premium,2019,01,20,17,Dimitrikross,89
Otros,cuentas hulu,2019,01,20,17,Dimitrikross,49
Cookies,X 7 cookies Netflix- google chrome [20/1/2019] Domingo de Netflix !! Parte3,2019,01,20,16,krostyss,74
Otros,CUENTA PREMIUM UFC Figh Pass,2019,01,20,15,Dimitrikross,48
Otros,CUENTAS STEAM JUEGOS PREMIUM,2019,01,20,14,Dimitrikross,106
Otros,cuentas deezer premium,2019,01,20,15,Dimitrikross,68
Otros,cuentas crunchyroll premium (Sin acortador),2019,01,20,14,Dimitrikross,77
Cookies,cookies de netflix funcionando,2019,01,20,14,Dimitrikross,120
Otros,x15 UPLAY CON JUEGOS VARIOS,2019,01,20,14,Dimitrikross,36
Otros,CUENTAS CRUNCHYROLL,2019,01,20,14,Dimitrikross,29
Otros,ACCOUNTS  PORNHUB FREE PORN,2019,01,20,13,Dimitrikross,51
Otros,cuentas brazzers premium gratis,2019,01,20,13,Dimitrikross,112
Cookies,X 8 cookies Netflix- google chrome [20/1/2019] Domingo de Netflix!!Parte 2,2019,01,20,12,krostyss,151
Cookies,X 9 cookies Netflix- google chrome [20/1/2019] Domingo de Netflix!!,2019,01,20,08,krostyss,93
Spotify,cuentas spotify premium,2019,01,20,10,Dimitrikross,85
Otros,x15 cuentas nordvpn,2019,01,20,09,Dimitrikross,57
Netflix,cuentas netflix premium,2019,01,20,09,Dimitrikross,102
Otros,Cuentas Premium para JDownloader 2 (Actualizadas 20 de Enero) [U4E],2019,01,19,22,Vekin,114
Cookies,X 9 cookies Netflix- google chrome [19/1/2019] Sabado de Netflix!!PARTE4 y ultima,2019,01,19,19,krostyss,92
Cookies,X 9 cookies Netflix- google chrome [19/1/2019] Sabado de Netflix!!PARTE 3,2019,01,19,16,krostyss,121
Cookies,X 9 cookies Netflix- google chrome [19/1/2019] Sabado de Netflix!!PARTE 2,2019,01,19,13,krostyss,85
Cookies,X 9 cookies Netflix- google chrome [19/1/2019] Sabado de Netflix!!,2019,01,19,09,krostyss,133
Otros,x3 CUENTAS CLARO VIDEO,2019,01,19,10,Dimitrikross,145
Netflix,X18 Cuentas De Netflix Premium Autopagables,2018,10,21,22,david22,217
Spotify,x48 Cuentas Spotify Premium y Family,2018,10,21,22,david22,90
Spotify,x150 cuentas spotify premium+for family,2018,10,21,09,david22,93
Otros,x24 Cuentas Crunchyroll premium,2018,10,21,09,david22,171
Spotify,x51 Cuentas Spotify premium/family,2018,10,21,09,david22,78
Otros,x50 Cuentas Hulu Plus autopagables,2018,10,21,08,david22,117
Spotify,x48 Cuentas Spotify premium/family,2018,10,21,08,david22,83
Spotify,x46 Cuentas Spotify premium/family.,2018,10,21,08,david22,82
Spotify,Spotify Premium 20x,2018,10,20,20,david22,75
Spotify,Spotify Premium 20x,2018,10,20,20,david22,77
Spotify,Spotify Premium 20x,2018,10,20,20,david22,53
Spotify,x100 Cuentas Spotify Premium y Family,2018,10,20,19,david22,114
Spotify,x100 Cuentas Spotify Premium y Family,2018,10,20,19,david22,85
Spotify,x100 Cuentas Spotify Premium y Family,2018,10,20,19,david22,47
Spotify,x52 Cuentas Spotify premium/family.,2018,10,20,18,david22,73
Spotify,x100 Cuentas Spotify Premium y Family,2018,10,20,18,david22,47
Spotify,x41 Cuentas Spotify Premium y Family,2018,10,20,18,david22,45
Spotify,x100 Cuentas Spotify Premium y Family,2018,10,20,18,david22,61
Spotify,x47 Cuentas Spotify premium/family.,2018,10,20,17,david22,59
Spotify,x500 Cuentas Spotify / Varios Planes,2018,10,20,16,david22,62
Spotify,x1149 (Cuentas Spotify Premium+Familiar + Student),2018,10,20,16,david22,86
Spotify,x48 Cuentas Spotify premium/family.,2018,10,20,14,david22,75
Spotify,spotify premium y familiar,2018,10,20,12,david22,46
Spotify,x30 Cuentas Spotify Premium,2018,10,20,12,david22,106
Spotify,x150 Cuentas Spotify Premium,2018,10,20,11,david22,97
Spotify,X20 Cuentas Spotify Premium/Familiar,2018,10,20,11,david22,88
Otros,video x9 Cuentas de Fox Premium,2018,10,20,10,david22,75
Spotify,x126 Cuentas Spotify Premium,2018,10,20,09,david22,50
Spotify,x48 Cuentas Spotify premium/family.,2018,10,20,09,david22,45
Otros,cuentas claro video HBO FOX,2018,10,16,19,david22,187
Spotify,x160 cuentas spotify premium/for family,2018,10,19,23,david22,67
Spotify,x64Cuentas Spotify premium/family.,2018,10,19,23,david22,61
Spotify,x52 Cuentas Spotify premium/family.,2018,10,19,20,david22,87
Spotify,x24 Cuentas Spotify Premium,2018,10,19,19,david22,68
Spotify,x100 Cuentas Spotify Premium,2018,10,19,18,david22,89
Spotify,x70 cuentas spotify premium + for family +student,2018,10,19,10,david22,75
Spotify,x45 Cuentas Spotify premium/family.,2018,10,19,10,david22,61
Spotify,x46 Cuentas Spotify premium/family.,2018,10,19,07,david22,57
Spotify,x 86 Cuentas Spotify Plan Family Autopagables,2018,10,18,20,david22,88
Otros,x18 Cuentas Hulu Plus Premium Autopagables,2018,10,18,20,david22,83
Spotify,x47 Cuentas Spotify premium/family.,2018,10,18,17,david22,71
Spotify,cuentas spootify premium x330,2018,10,18,14,david22,91
Otros,x4 cuentas Fox play premium,2018,10,18,14,david22,126
Netflix,cuentas netflix premium x2,2018,10,18,13,david22,180
Netflix,Compra de Cuenta netflix,2018,10,18,13,hypamusic,143
Spotify,x50 Cuentas Spotify Premium Autopagables,2018,10,18,13,david22,110
Spotify,x48 Cuentas Spotify premiumfamily,2018,10,18,09,david22,59
Otros,x3 Cuentas Fox Play Premium.,2018,10,18,09,david22,116
Otros,x3 Cuentas Fox Play Premium.,2018,10,18,08,david22,70
Spotify,x80 cuentas spotify premium,2018,10,18,08,david22,64
Spotify,x104 Cuentas Spotify Premium Autopagables,2018,10,29,19,david22,117
Otros,x4 blim  premium,2018,10,29,19,david22,136
Otros,x5 Cuentas Deezer premium autopagables,2018,10,29,18,david22,109
Spotify,x50 Cuentas Spotify premium family,2018,10,29,18,david22,72
Spotify,x46 Cuentas Spotify premium family,2018,10,29,17,david22,59
Spotify,x90 cuentas spotify premium + for family,2018,10,29,15,david22,78
Otros,x10 cuentas Deezer premium autopagables,2018,10,29,13,david22,96
Otros,x23 cuentas Tidal premium hifi autopagables,2018,10,29,13,david22,78
Otros,x5 Claro Video,2018,10,29,12,david22,89
Otros,x8 cuentas clarovideo premium autopagables,2018,10,29,12,david22,108
Spotify,x50 cuentas wwe network premium autopagables,2018,10,29,12,david22,100
Otros,x4 cuentas Directv autopagables,2018,10,29,12,david22,147
Spotify,x100 cuentas spotify premium + for family,2018,10,29,11,david22,63
Spotify,x46 Cuentas Spotify premium/family,2018,10,29,08,david22,95
Spotify,x53 Cuentas Spotify premium/family,2018,10,29,07,david22,107
Spotify,x50 Cuentas Spotify premium/family,2018,10,29,07,david22,68
Otros,x30 cuentas wwe network premium autopagables,2018,10,26,15,david22,217
Spotify,x62 Cuentas Plan Family Autopagables,2018,10,28,14,david22,74
Spotify,x52 Cuentas Spotify premium Family,2018,10,28,13,david22,85
Spotify,x 108 Cuentas Spotify Premium,2018,10,28,13,david22,81
Spotify,x20 Cuentas spotify premium autopagables,2018,10,27,21,david22,102
Spotify,x23 Cuentas Spotify premium/family.,2018,10,27,17,david22,90
Spotify,x22 Cuentas Spotify premium family.,2018,10,27,17,david22,82
Spotify,x100 cuentas spotify premium + for family,2018,10,27,16,david22,95
Spotify,x52 Cuentas Spotify premium/family.,2018,10,27,08,david22,85
Spotify,x53 Cuentas Spotify premium/family.,2018,10,27,08,david22,75
Spotify,x53 Cuentas Spotify premium/family.,2018,10,26,21,david22,108
Spotify,x51 Cuentas Spotify premium/family.,2018,10,26,17,david22,74
Spotify,x80 cuentas spotify premium + for family,2018,10,26,14,david22,56
Spotify,x100 cuentas spotify premium,2018,10,26,12,david22,66
Spotify,x55 Cuentas Spotify premium/Planes,2018,10,26,09,david22,72
Spotify,371 Cuentas Spotify Premiun/Familiar,2018,10,25,22,david22,96
Spotify,x49 Cuentas Spotify premium/Planes variados,2018,10,25,22,david22,64
Spotify,x80 cuentas spotify premium/for family/student,2018,10,25,16,david22,66
Otros,12 Cuentas Claro-Video Autopagables,2018,10,25,12,david22,152
Spotify,x100 cuentas spotify premium + for family,2018,10,25,12,david22,96
Spotify,x47 Cuentas Spotify premium/family.,2018,10,25,12,david22,74
Spotify,x46 Cuentas Spotify premium/family.,2018,10,24,18,david22,105
Spotify,x75 cuentas spotify premium,2018,10,24,12,david22,57
Spotify,x870 Cuentas Spotify Premium Autopagables,2018,10,24,11,david22,73
Spotify,x50 Cuentas Spotify premium/family.,2018,10,24,09,david22,51
Spotify,x55 Cuentas Spotify premium/Planes varios,2018,10,24,09,david22,51
Otros,x1 Cuenta DirecTV NOW autopagable.,2018,10,23,17,david22,120
Spotify,x46 Cuentas Spotify premium/family.,2018,10,23,17,david22,69
Spotify,X53 Cuentas Spotify premium/family.,2018,10,23,09,david22,93
Netflix,x5 Cuenta Netflix Premium Autopagable,2018,10,22,15,david22,360
Spotify,x70 cuentas spotify premium/for family,2018,10,22,15,david22,96
Netflix,x03 Cuentas Netflix Premium,2018,10,22,09,david22,220
Spotify,x158 Spotify Premium,2018,10,22,09,david22,61
Netflix,( X12 ) Cuentas De Netflix Premium | Autopagables,2018,10,21,22,david22,243
Otros,x2 Claro Video,2018,11,04,21,david22,122
Spotify,X100 Cuentas Spotify Premium Autopagables,2018,11,04,20,david22,127
Otros,Cuentas Premium Autopagables Claro Video FOX AMC HBO latino,2018,08,08,22,david22,291
Spotify,x 111 Cuentas Spotify Premium/Family Autopagables,2018,11,04,13,david22,86
Spotify,X1800 Cuentas Spotify Premium Autopagables,2018,11,04,13,david22,112
Spotify,65 aprox cuentas Spotify Premium,2018,11,04,09,david22,88
Otros,x8 minecraft premium con acceso al email/acortador/,2018,11,03,22,Giovanni2648,57
Otros,10 cuentas ClaroVideo autopagables,2018,11,03,18,david22,174
Spotify,x51 Cuentas Spotify premium/family.,2018,11,03,18,david22,99
Otros,x5 Cuentas Fox Play Premium,2018,11,03,18,david22,160
Spotify,x53 Cuentas Spotify premiumfamily,2018,11,03,18,david22,77
Otros,x4 Cuentas Claro video autopagables,2018,11,03,17,david22,132
Otros,x4 cuentas avast premium autopagables,2018,11,03,15,david22,81
Spotify,x51 Cuentas Spotify premium/family,2018,11,03,14,david22,83
Otros,x54 Cuentas Hulu Plus autopagables.,2018,11,03,10,david22,134
Spotify,x51 Cuentas Spotify premium/family,2018,11,02,19,david22,110
Otros,x10 cuentas Fox network,2018,11,02,17,david22,96
Spotify,x60 cuentas spotify premium + for family,2018,11,02,12,david22,102
Spotify,x52 Cuentas Spotify premium/family,2018,11,02,09,david22,90
Spotify,x50 Cuentas Spotify premiumfamily,2018,11,02,09,david22,91
Otros,x15 Cuentas Tidal Premium/HiFi autopagables,2018,11,01,19,david22,133
Otros,x3 Cuentas Claro video autopagables,2018,11,01,18,david22,101
Spotify,x48 Cuentas Spotify premium/family.,2018,11,01,18,david22,63
Otros,x2 Cuentas Boomerang premium autopagables,2018,11,01,18,david22,112
Otros,x6 Cuentas Fox Play Premium.,2018,11,01,18,david22,115
Otros,X2 Cuentas Scribd autopagables,2018,11,01,17,david22,138
Otros,x2 Cuentas DirecTV NOW autopagables,2018,11,01,17,david22,109
Otros,x2 Cuentas Claro video autopagables,2018,11,01,17,david22,78
Spotify,x50 Cuentas Spotify premium family,2018,11,01,17,david22,52
Spotify,x60 cuentas spotify premium autopagables,2018,11,01,15,david22,65
Spotify,x40 cuentas Spotify For Family,2018,11,01,12,david22,169
Otros,x4 cuentas Directv now autopagables,2018,11,01,12,david22,79
Spotify,x49 Cuentas Spotify premium for family,2018,11,01,09,david22,57
Spotify,x50 Cuentas Spotify premium for family,2018,11,01,09,david22,83
Otros,x3 Cuentas Deezer premium autopagables,2018,11,01,09,david22,111
Spotify,x200 cuentas spotify,2018,10,31,23,david22,147
Spotify,x50 Cuentas Spotify premium for family,2018,10,31,18,david22,69
Otros,Cuentas infinitytv Premium,2018,10,31,14,david22,107
Spotify,x 140 Cuentas Spotify Autopagables Premium,2018,10,30,20,david22,115
Otros,x25 cuentas claro video,2018,10,30,17,david22,92
Spotify,x48 Cuentas Spotify premium/family,2018,10,30,16,david22,82
Otros,10 Cuentas Claro Video Autopagables,2018,10,30,13,david22,102
Spotify,x80 cuentas spotify premium + for family,2018,10,30,11,david22,77
Otros,x4 cuentas clarovideo premium autopagables,2018,10,30,11,david22,133
Spotify,x49 Cuentas Spotify premium/family,2018,10,30,09,david22,87
Spotify,x250 cuentas spotify premium,2018,10,30,09,david22,93
Spotify,x54 Cuentas Spotify premium for family,2018,10,30,09,david22,76
Spotify,x70 cuentas spotify for family,2018,10,29,23,david22,91
Spotify,x51 Cuentas Spotify premium family,2018,10,29,21,david22,120
Spotify,x38 Cuentas Spotify Plan Family Autopagables,2018,10,29,21,david22,59
Netflix,x2 Cuentas Netflix UltraHD autopagables,2018,10,13,11,david22,97
Netflix,x9 netflix,2018,10,13,10,cracking,75
Spotify,20 cuentas Spotify premium,2018,10,13,10,cracking,64
Netflix,7X Cuentas de Netflix Autopagables,2018,10,13,10,cracking,93
Netflix,x5 Netflix,2018,10,13,10,cracking,48
Netflix,x5 Cuentas Premium,2018,10,13,10,cracking,56
Netflix,x5 Cuentas  Netflix Premium,2018,10,13,10,cracking,65
Otros,x165 Cuentas Spotify Premiums Autopagables,2018,10,12,21,david22,126
Spotify,x90 Cuentas Spotify premium/family.,2018,10,12,20,david22,84
Spotify,x30 Cuentas Spotify premium/family.,2018,10,12,19,david22,58
Spotify,100 Cuentas Spotify Plan Family Autopaga,2018,10,12,19,david22,108
Netflix,cuentas netflix premium X8,2018,10,12,17,david22,106
Spotify,x46 Cuentas Spotify premium/family.,2018,10,12,17,david22,73
Netflix,cuentas netflix premium x2,2018,10,12,16,david22,110
Otros,x40 cuentas wwe network premium,2018,10,12,13,david22,216
Netflix,cuentas netflix premium x5,2018,10,12,11,david22,118
Spotify,x60 cuentas spotify premium,2018,10,12,12,david22,96
Otros,X170 Cuentas Crunchyroll,2018,10,12,11,david22,119
Otros,x3 Cuentas DirecTV autopagables.,2018,10,12,11,david22,145
Otros,x250 Cuentas Uplay,2018,10,12,10,david22,83
Spotify,x48 Cuentas Spotify premium/family.,2018,10,12,10,david22,61
Otros,x6 Cuentas Fox Play premium.,2018,10,12,10,david22,121
Spotify,x53 cuentas spotify premium/family.,2018,10,12,09,david22,66
Spotify,x625 cuentas Spotify varios planes,2018,10,11,21,david22,118
Spotify,x49 Cuentas Spotify premium/family.,2018,10,11,17,david22,98
Spotify,x44 Cuentas Spotify premium/Planes,2018,10,11,16,david22,69
Spotify,x227 Spotify Premium,2018,10,11,15,david22,101
Netflix,cuentas netflix premium x3,2018,10,11,14,david22,104
Netflix,cuentas netflix premium x5,2018,10,11,14,david22,98
Spotify,x50 Spotify Premium/Familiar,2018,10,11,13,david22,66
Netflix,x4 Cuentas Netflix Autopagables,2018,10,11,13,david22,110
Spotify,x50 cuentas spotify premium/for family,2018,10,11,12,david22,98
Netflix,cuentas netflix premium x3,2018,10,11,13,david22,60
Otros,x20 Cuentas Crunchyroll Premium Autopagables,2018,10,11,12,david22,81
Otros,x20 Cuentas Crunchyroll Premium Autopagables,2018,10,11,10,david22,108
Netflix,cuentas netflix premium x3,2018,10,11,10,david22,70
Netflix,cuentas netflix premium x5,2018,10,11,10,david22,70
Otros,x1 Cuenta Claro Video autopagable.,2018,10,11,09,david22,133
Spotify,x46 Cuentas Spotify premium/family.,2018,10,11,09,david22,67
Otros,x3 Cuentas DirecTV autopagables.,2018,10,11,09,david22,105
Spotify,x48 Cuentas Spotify premiumfamily,2018,10,11,09,david22,59
Spotify,x100 Cuentas Spotify Premium Autopagables,2018,10,10,16,david22,98
Netflix,cuentas netflix premium x4,2018,10,10,20,david22,127
Netflix,cuentas netflix premium x7,2018,10,10,17,david22,118
Otros,x22 Cuentas Crunchyroll premium.,2018,10,10,17,david22,123
Netflix,cuentas netflix premium x5,2018,10,10,15,david22,96
Otros,x20 cuentas crunchyroll premium,2018,10,10,15,david22,125
Netflix,cuentas netflix premium x6,2018,10,10,14,david22,69
Netflix,cuentas netflix premium x5,2018,10,10,14,david22,69
Spotify,x120 cuentas spotify premium/for family,2018,10,10,14,david22,75
Netflix,x4 Cuentas Netflix Premium Todos Los Dispositivos,2018,10,05,10,cracking,77
Netflix,X8 Cuentas Netflix Premium Todos Los Dispositivos,2018,10,05,09,cracking,54
Netflix,x8 Cuentas Netflix Premium Todos Los Dispositivos,2018,10,05,09,cracking,61
Spotify,x44 Cuentas Spotify premium/Planes variados.,2018,10,05,09,cracking,54
Bins,BIN DEEZER - 05/10/2018,2018,10,05,09,cracking,95
Spotify,x44 Cuentas Spotify premium/familiar,2018,10,05,08,cracking,54
Spotify,x21 Cuentas Spotify premium/family.,2018,10,05,08,david22,59
Netflix,cuentas netflix premiumx5,2018,10,04,19,david22,105
Netflix,X6 cuentas netflix premium,2018,10,04,19,david22,104
Spotify,x100 Cuentas Spotify,2018,10,04,18,cracking,97
Otros,x4 Cuentas Scribd Premium Autopagables,2018,10,04,17,cracking,142
Otros,x16 Cuentas Tidal HiFi / Premium.,2018,10,04,17,cracking,136
Otros,x56 Cuentas Hulu Plus autopagables.,2018,10,04,17,cracking,111
Otros,x22 Cuentas Crunchyroll premium.,2018,10,04,17,cracking,124
Otros,x12 Cuentas Hulu Plus  Premium Autopagables,2018,10,04,17,cracking,102
Netflix,X3 Cuentas Netflix Premium Autopagables,2018,10,04,16,david22,105
Netflix,X6 cuentas netflix premium,2018,10,04,15,david22,98
Netflix,cuentas netflix premium x5,2018,10,04,15,david22,82
Netflix,cuentas netflix premium x4,2018,10,04,14,david22,64
Spotify,x115 cuentas spotify premium + for family,2018,10,04,12,david22,93
Spotify,x100 cuentas spotify premium,2018,10,04,11,david22,97
Netflix,x3 Cuentas Netflix Premium Autopagables,2018,10,04,11,david22,82
Netflix,x3 Cuenta Netflix UltraHD autopagable,2018,10,04,10,david22,89
Spotify,x125 spotify premium,2018,10,04,08,david22,77
Netflix,x3 Cuentas Netflix Premium,2018,10,04,08,david22,70
Netflix,cuentas netflix premium X8.,2018,10,03,21,david22,89
Netflix,cuentas netflix premium X14,2018,10,03,20,david22,100
Spotify,x19 Cuentas Spotify Premium Autopagables,2018,10,03,20,david22,109
Spotify,x25 Cuentas Spotify Premium Autopagables,2018,10,03,20,david22,80
Spotify,x250 Cuentas SPOTIFY Premium/Familiar,2018,10,03,17,cracking,126
Netflix,cuentas netflix premium x7,2018,10,03,14,david22,87
Spotify,x100 cuentas spotify premium + for family,2018,10,03,13,david22,165
Otros,x2 cuentas Fox plus premium,2018,10,03,11,david22,131
Netflix,x3 Cuentas Netflix Premium Autopagables,2018,10,03,11,david22,64
Otros,x2 Cuentas Cablevision.,2018,10,03,09,david22,101
Otros,X6 Cuentas HBO NOW autopagables,2018,10,03,08,david22,114
Otros,x5 Cuentas Crunchyroll Premium Autopagables,2018,10,02,20,david22,209
Netflix,cuentas netflix premium X8,2018,10,02,18,david22,92
Otros,x10 Cuentas Hulu Plus Premium Autopagables,2018,10,02,18,david22,66
Netflix,cuentas netflix premium x5cuentas netflix premium x5,2018,10,02,17,david22,83
Spotify,58 cuentas spotify premium,2018,10,02,17,david22,150
Netflix,cuentas netflix premium X10,2018,10,02,16,david22,145
Netflix,cuentas netflix premium X6,2018,10,02,15,david22,85
Netflix,cuentas netflix premium x11,2018,10,02,14,david22,92
Netflix,x4 Cuentas Netflix Premium Autopagables,2018,10,02,13,david22,69
Netflix,x8 Cuentas Netflix Premium Autopagables,2018,10,02,12,david22,53
Spotify,x30 Cuentas Spotify Premium Autopagables,2018,10,02,11,david22,70
Netflix,x3 Cuenta Netflix UltraHD autopagable,2018,10,02,10,david22,91
Spotify,x30 Cuentas Spotify Premium Autopagables,2018,10,02,09,david22,110
Spotify,x30 Cuentas Spotify Premium Autopagables,2018,10,01,22,david22,82
Otros,x30 cuentas wwe network premium autopagables,2018,10,10,13,david22,84
Netflix,cuentas netflix premium x4,2018,10,10,13,david22,109
Spotify,x40 cuentas spotify premium for family,2018,10,10,12,david22,63
Spotify,x80 cuentas spotify premium + for family,2018,10,10,12,david22,82
Netflix,cuentas netflix  x4,2018,10,10,12,david22,61
Netflix,cuentas netflix  x3,2018,10,10,11,david22,65
Spotify,24 Spotify Premium/ Familiar,2018,10,10,10,david22,89
Spotify,x200 cuentas spotify premium for family,2018,10,09,12,david22,121
Netflix,cuentas premium x3,2018,10,09,21,david22,90
Netflix,cuentas netflix x4,2018,10,09,21,david22,75
Otros,x2 cuentas clarovideo autopagables,2018,10,09,12,david22,101
Otros,x2 cuentas clarovideo autopagables,2018,10,09,11,david22,137
Otros,x3 Cuentas DirecTV autopagables,2018,10,09,07,david22,83
Spotify,x12 Spotify Premium/ Familiar,2018,10,09,05,ghre22,61
Netflix,20 cuentas netflix premium,2018,10,09,05,ghre22,85
Spotify,20 Spotify Premium/ Familiar,2018,10,08,18,david22,93
Netflix,x3 Cuentas Netflix Premium Autopagables,2018,10,08,09,david22,133
Spotify,x950 Cuentas Spotify Premium Autopagables,2018,10,08,12,cracking,118
Spotify,x50 Cuentas Spotify Premium Autopagables,2018,10,08,12,david22,114
Otros,x5 Cuentas Wwe,2018,10,08,11,david22,61
Spotify,x15 Cuentas Spotify Premiun,2018,10,08,10,david22,73
Otros,x4 Cuentas Premium FOX NETWORK Autopagables,2018,10,08,10,david22,112
Otros,x4 Cuentas Premium FOX NETWORK Autopagables,2018,10,08,10,david22,51
Spotify,x48 Cuentas Spotify premiumfamily,2018,10,08,09,david22,94
Otros,x2 blim premium,2018,10,07,14,david22,147
Otros,x7 Cuentas Claro Video Autopagables,2018,08,09,21,david22,219
Otros,30 Cuentas Claro Video Premium Funcionando hoy 16-03-18,2018,03,16,16,Repost,847
Otros,x2 fox play,2018,10,07,13,david22,99
Netflix,x4 Cuentas Netflix Premium Autopagables,2018,10,07,13,david22,95
Netflix,x4 Cuentas Netflix Premium Autopagables,2018,10,07,12,david22,56
Spotify,x300 cuentas spotify premium + familiar,2018,10,07,11,cracking,82
Otros,x3 Cuentas DirecTV autopagables,2018,10,07,09,david22,199
Spotify,x50 Spotify Autopagables.,2018,10,06,15,zMasterx,144
Spotify,70 Cuentas de Spotify Premium,2018,10,06,13,david22,81
Netflix,x3 Cuentas Netflix Premium Autopagables,2018,10,06,12,david22,177
Spotify,X200 Spotify Premium,2018,10,06,12,david22,112
Netflix,x4 Cuentas Netflix Premium Autopagables,2018,10,06,10,david22,83
Netflix,cuentas netflix premium x5,2018,10,05,19,david22,106
Netflix,x4 Cuentas Netflix Premium Autopagables,2018,10,05,14,david22,144
Netflix,x4 Cuentas Netflix Premium Autopagables,2018,10,05,13,david22,83
Netflix,x4 Cuentas Netflix Premium Autopagables,2018,10,05,12,cracking,74
Netflix,x4 Cuentas Netflix Premium Autopagables,2018,10,05,12,cracking,89
Spotify,x80 cuentas spotify familiares,2018,10,05,12,cracking,115
Otros,x8 Cuentas Movistar+ Plus Premium España,2018,10,05,11,cracking,201
Otros,x2 cuentas clarovideo autopagables,2018,10,05,11,cracking,168
Bins,bin para crunchyroll premium,2018,10,05,11,cracking,137
Bins,Bin para Napster premium,2018,10,05,11,cracking,74
Cookies,x6 Cookies Netflix Premium Chrome,2018,10,05,11,cracking,158
Spotify,BIN SPOTIFY PREMIUN - 5/10/2018,2018,10,05,10,cracking,106
Spotify,x101 Cuentas Spotify Premium+Familiar Autopagables,2018,10,05,10,cracking,98
Spotify,x30 Cuentas Spotify Premium Autopagables,2018,10,01,20,david22,88
Netflix,x4 Cuentas Netflix Premium Autopagables,2018,10,01,19,david22,123
Otros,X43 Cuentas Hulu Premium,2018,09,25,23,Rontendo18,131
Spotify,x24 Cuentas Spotify premiumfamily.,2018,10,01,10,david22,127
Spotify,x23 Cuentas Spotify premiumfamily.,2018,10,01,09,david22,103
Otros,X4 Cuentas HBO NOW autopagables,2018,10,01,09,david22,96
Otros,X4 Cuentas HBO NOW autopagables,2018,10,01,08,david22,90
Otros,x3 Cuentas DirecTV autopagables,2018,10,01,08,david22,154
Spotify,x16  spotify premium,2018,09,30,21,david22,96
Netflix,cuentas netflix premium x10,2018,09,30,19,david22,121
Otros,x13 Cuentas Premium HBO Go FREE,2018,09,30,16,david22,246
Spotify,x21 spotify premium,2018,09,30,08,david22,111
Spotify,x10 Cuentas Spotify Premium Autopagablestxt,2018,09,29,21,david22,110
Spotify,x34 Cuentas Spotify Premium Autopagables,2018,09,29,21,david22,74
Spotify,x20+ Spotifys Autopagables 2018,2018,09,29,20,elsanti,78
Spotify,x20 Cuentas Spotify Premium Autopagablestxt,2018,09,29,20,david22,73
Netflix,cuentas netflix premium X8,2018,09,29,20,david22,118
Spotify,x20+ Spotify Premium AutoPays,2018,09,29,20,elsanti,102
Spotify,Cuentas Spotify Forowarez Premium,2018,09,28,23,Rontendo18,178
Otros,X25 Cuentas WWE Premium,2018,09,28,23,Rontendo18,120
Netflix,x4 cuentas netflix,2018,09,28,10,david22,116
Otros,x30 Cuentas Deezer Premium,2018,09,27,23,Rontendo18,100
Otros,Bin Multifuncional Paypal,2018,09,27,23,Rontendo18,173
Netflix,x3 Cuenta Netflix Premium,2018,09,27,21,david22,130
Spotify,Cuentas Spotify Premium Halloween Party,2018,09,27,20,Rontendo18,165
Otros,x500 Cuentas Deezer Premium,2018,09,27,20,Rontendo18,135
Otros,X8 Cuentas Deezer.,2018,09,27,18,cesarkjv,67
Netflix,x3 Cuentas Netflix Premium,2018,09,27,14,david22,112
Spotify,x 25 Cuentas Spotify Plan Family Autopagables,2018,09,27,13,david22,96
Otros,x13 Cuentas Claro video HBO Fox Premium,2018,09,27,12,Rontendo18,187
Otros,x22 Cuentas Fortnite Premium-Battle royal,2018,09,27,12,Rontendo18,122
Spotify,150 spotify premiun,2018,09,26,22,cesarkjv,118
Otros,Cuentas Origin Premium + Juegos,2018,09,26,19,Rontendo18,142
Otros,x500 Cuentas Uplay Premium con juegos,2018,09,26,19,Rontendo18,119
Spotify,x25 Cuentas Spotify Premium Autopagables,2018,09,26,19,david22,178
Otros,Cuentas WWE Network para Super show down 6 October,2018,09,26,13,Rontendo18,124
Otros,Cuentas Brazzers Premium pack,2018,09,26,13,Rontendo18,352
Spotify,x25 Cuentas Spotify Premium Autopagables,2018,09,26,11,david22,127
Otros,X7 crunchyroll premium,2018,09,26,09,cesarkjv,79
Spotify,X28 Spotify Premium.,2018,09,25,23,cesarkjv,131
Netflix,1x Netflx Autopagable 2 (Perfiles),2018,09,25,20,david22,117
Spotify,x 31 Cuentas Spotify Autopagables Varios Planes,2018,09,25,19,david22,99
Spotify,x 31 Cuentas Spotify Autopagables Varios Planes,2018,09,25,19,Rontendo18,85
Netflix,x2 Cuentas Netflix autopagables.,2018,09,25,18,david22,104
Spotify,X12 Cuentas Spotify Premium for Family,2018,09,25,17,cesarkjv,120
Spotify,X10 Cuentas Spotify Premium Autogable,2018,09,25,17,david22,88
Spotify,X5 Cuentas Crunchyroll premium,2018,09,25,15,david22,131
Netflix,Cuentas Netflix + Metodo para que te duren mas tiempo,2018,09,25,14,Rontendo18,289
Spotify,x50 Cuentas Spotify Premium para toda tu familia,2018,09,25,14,Rontendo18,133
Spotify,X5 Cuentas Spotify Premium Autogable,2018,09,25,13,david22,73
Netflix,cuentas netflix premium x6,2018,10,17,18,david22,117
Spotify,x47 Cuentas Spotify premium/family.,2018,10,17,18,david22,98
Spotify,x100 cuentas spotify premium,2018,10,17,16,david22,97
Otros,x5 Cuentas Fox Play Premium.,2018,10,17,09,david22,117
Spotify,X23 Cuentas Spotify premium,2018,10,17,09,david22,102
Spotify,x20 Cuentas Spotify premium/family.,2018,10,17,08,david22,75
Spotify,x20 Cuentas Spotify premium/family.,2018,10,17,08,david22,79
Otros,x2 Cuentas Univision Now,2018,10,17,08,david22,122
Spotify,x20 spotify premium,2018,10,16,22,david22,87
Spotify,x20 Cuentas Spotify premiumfamily.,2018,10,16,22,david22,78
Spotify,x20 Cuentas Spotify premium/family.,2018,10,16,22,david22,72
Spotify,x20 Cuentas Spotify premium/family.,2018,10,16,21,david22,83
Spotify,x132 Cuentas Spotify Premiums Autopagables,2018,10,16,20,david22,92
Spotify,x120 Cuentas Spotify Plan Family y Part Family,2018,10,16,20,david22,94
Spotify,spotify premium y familiar x360,2018,10,16,19,david22,83
Otros,WWE x3,2018,10,16,13,david22,79
Otros,x56 Cuentas Hulu Plus autopagables.,2018,10,16,12,david22,87
Otros,X45 Cuentas Hulu Premium,2018,10,16,12,david22,59
Spotify,x118 Cuentas Spotify Premiums Part Family,2018,10,16,10,david22,74
Spotify,X67 Cuentas Spotify Plan FAMILY Autopagables,2018,10,16,09,david22,64
Spotify,x51 Cuentas Spotify premium/family.,2018,10,16,09,david22,71
Spotify,x47 Cuentas Spotify premiumfamily,2018,10,16,08,david22,75
Netflix,x8 cuentas netflix,2018,10,15,13,cracking,202
Netflix,x03 Cuentas Netflix Premium,2018,10,15,13,cracking,122
Netflix,x06 Cuentas Netflix Premium,2018,10,15,13,cracking,94
Netflix,x8 Cuentas De Netflix Premium + CAPTURA,2018,10,15,13,cracking,110
Netflix,x11 Cuentas Netflix Premium,2018,10,15,13,cracking,88
Netflix,x5 Cuentas Netflix + pruebas,2018,10,15,13,cracking,76
Netflix,x11 Cuentas Netflix Premium,2018,10,15,11,cracking,133
Otros,x5 cuentas Deezer Premium autopagables,2018,10,14,20,david22,134
Spotify,x50 Cuentas Spotify Premium,2018,10,14,19,david22,115
Spotify,x258 Cuentas Spotify Premiums,2018,10,14,17,david22,87
Spotify,x250 Cuentas Spotify Premium,2018,10,14,16,david22,77
Spotify,x200 cuentas spotify premium + for family [Mega],2018,10,14,15,david22,146
Spotify,x150 cuentas spotify premium + for family,2018,10,14,15,david22,64
Spotify,x65 Cuentas Spotify Plan Family Autopagables,2018,10,14,14,david22,63
Netflix,X5 Cuentas De Netflix + pruebas,2018,10,14,12,cracking,134
Netflix,X5 NETFLIX Premium + Captura,2018,10,14,12,cracking,350
Netflix,x30 Cuentas Netflix Premium,2018,10,14,12,cracking,163
Netflix,x10 Cuentas de Netflix + pruebas,2018,10,14,11,cracking,102
Spotify,x23 Cuentas Spotify premium/family.,2018,10,14,09,david22,80
Spotify,x28 Cuentas Spotify premium/family.,2018,10,14,09,david22,61
Netflix,Quiero una cuenta :(,2018,10,13,19,Anderson,105
Otros,x22 cuentas claro video premium HBO FOX,2018,10,13,18,david22,141
Netflix,10X Cuentas de Netflix + Pruebas,2018,10,13,10,cracking,179
Spotify,x50Cuentas Spotify premium/family.,2018,10,13,17,david22,79
Spotify,x73 Spotify Premium,2018,10,13,14,david22,68
Spotify,x110 cuentas spotify premium + for family,2018,10,13,12,david22,64
Spotify,x54 Cuentas Spotify premium/family.,2018,10,13,12,david22,79
Spotify,x45Cuentas Spotify premium/family.,2018,10,13,11,david22,65
Spotify,x11 Cuentas Spotify Premium,2018,09,11,13,Rontendo18,63
Otros,x2 Deezer,2018,09,11,11,david22,61
Spotify,x7 Cuentas Spotify Premium Diferentes Planes Autopagables,2018,09,11,09,david22,73
Otros,x1000 Cuentas Crunchyroll Premium,2018,09,10,23,Rontendo18,159
Spotify,x21 Cuentas Spotify Premium,2018,09,10,23,Rontendo18,157
Spotify,x5 Cuentas Spotify Premium Diferentes Planes Autopagables,2018,09,10,22,david22,135
Spotify,x5 Cuentas Spotify Premium Diferentes Planes Autopagables,2018,09,10,21,david22,77
Spotify,x5 Cuentas Spotify Premium Diferentes Planes Autopagables,2018,09,10,19,david22,74
Otros,X30 Cuentas Claro Video Premium,2018,09,10,18,Rontendo18,294
Spotify,x10 Cuentas Spotify Premium Diferentes Planes Autopagables,2018,09,10,14,david22,75
Spotify,x15 Cuentas Spotify Premium,2018,09,10,14,Rontendo18,132
Otros,x10 Cuentas Crunchyroll Premium,2018,09,09,23,Rontendo18,152
Otros,x26 Cuentas Deezer Premium,2018,09,09,23,Rontendo18,143
Otros,x15 Cuentas WWE Network Premium,2018,09,09,21,Rontendo18,90
Spotify,x26 Cuentas Spotify Premium,2018,09,09,18,Rontendo18,78
Spotify,x5 Cuentas Spotify Premium,2018,09,09,11,david22,90
Otros,x4 Cuentas WWE Network Premium,2018,09,09,11,david22,134
Spotify,x5 Cuentas Spotify Premium,2018,09,08,17,david22,77
Otros,x10 Cuentas Cablevision,2018,09,08,20,Rontendo18,124
Spotify,x80 Cuentas Spotify Premium Recièn hackeadas-Plan premium y familiar-Para estudiantes + Hulu 100% Funcionales,2018,09,08,19,Rontendo18,125
Otros,x5 Cuentas WWE Network Premium,2018,09,08,17,david22,72
Otros,x15 Cuentas Crunchyroll Premium,2018,09,08,16,Rontendo18,106
Otros,x75 Cuentas league of legends,2018,09,08,00,Rontendo18,77
Spotify,x25 Cuentas Spotify Premium 100% Funcionales,2018,09,08,00,Rontendo18,99
Netflix,x40 Cuentas Netflix Premium + Mètodo para que duren mas tiempo,2018,09,07,18,Rontendo18,374
Netflix,Cuentas Netflix Premium,2018,09,07,14,Rontendo18,158
Otros,SOUNDCLOUD GO + 30 DIAS PREMIUM-Autorenovable,2018,09,07,13,Rontendo18,74
Netflix,x11 Cuentas Netflix Premium,2018,09,06,23,Rontendo18,137
Spotify,x35 Cuentas Spotify Plan Familiar Y Premium,2018,09,04,20,Rontendo18,406
Otros,x30 Cuentas WWE Network Premium Actualizadas Septiembre,2018,09,06,16,Rontendo18,86
Spotify,x80 Cuentas Spotify Premium,2018,09,06,13,Rontendo18,166
Otros,x15 Hulu Cuentas Premium,2018,09,05,22,Rontendo18,124
Otros,X900 Cuentas Crunchyroll Premium,2018,09,05,22,Rontendo18,108
Netflix,x20 Cuentas Netlix Premium,2018,09,05,19,Rontendo18,216
Netflix,x10 Cuentas Netflix Premium,2018,09,05,17,Rontendo18,347
Spotify,x40 Cuentas Spotify Premium Y familiar,2018,09,04,23,Rontendo18,207
Otros,x300 Cuentas Crunchyroll Premium,2018,09,04,23,Rontendo18,88
Spotify,x20 Cuentas Spotify Premum y Familiar,2018,09,04,16,Rontendo18,121
Netflix,x8 Cuentas Netflix Premium,2018,09,04,16,Rontendo18,110
Otros,x10 Cuentas Deezer Premium,2018,09,04,13,Rontendo18,145
Otros,X15 Cuentas WWE Network Premium,2018,09,03,22,Rontendo18,88
Netflix,x5 Cuentas Netflix Premium,2018,09,03,19,Rontendo18,111
Spotify,x10 Cuentas Spotify Premium,2018,09,03,18,Rontendo18,124
Spotify,X24 Cuentas Spotify Plan Familiar premium,2018,09,02,23,Rontendo18,156
Otros,X12 Cuentas WWE Premium 100% Funcionales + captura,2018,09,02,20,Rontendo18,96
Netflix,X3 Netflix Premium,2018,08,17,10,david22,252
Spotify,x758 Cuentas de Spotify Premium Plan familiar + captura de cuentas,2018,09,02,13,Rontendo18,115
Netflix,x39 Cuentas de Netflix Premium Autopagables,2018,09,02,00,Rontendo18,135
Netflix,Pack de Cuentas Netflix Premium Autopagables 1,2018,09,01,23,Rontendo18,145
Otros,x18 Cuentas wwe Premium,2018,09,01,20,Rontendo18,95
Spotify,X10 spotify premium,2018,09,22,14,david22,61
Spotify,X10 spotify premium,2018,09,22,11,david22,79
Spotify,X5 spotify premium.,2018,09,22,10,david22,98
Spotify,X20 spotify premium.txt,2018,09,22,09,david22,73
Spotify,X20 spotify premium,2018,09,21,23,david22,96
Otros,x15 Cuentas Hulu Premium Autopagables,2018,09,21,22,Rontendo18,96
Spotify,x100 Cuentas Spotify Premium Diferentes Planes,2018,09,21,22,david22,175
Spotify,X10 spotify premium,2018,09,21,21,david22,77
Spotify,x15 Cuentas Spotify Premium,2018,09,21,19,Rontendo18,97
Otros,x20 Cuentas Netflix 2-4 Pantallas HD <Ultra HD,2018,09,21,19,Rontendo18,149
Otros,Cuentas Avast Antivirus Premium,2018,09,21,12,Rontendo18,90
Otros,Cuentas UFC Premium Fight Pass,2018,09,21,12,Rontendo18,118
Spotify,X5 spotify  verificadas diferentes planes,2018,09,21,12,juan5265,63
Spotify,X10 spotify premium,2018,09,21,12,david22,61
Spotify,x5 Cuentas Spotify premiumfamily,2018,09,21,09,david22,53
Spotify,x20 Cuentas Spotify premiumfamily,2018,09,21,06,david22,88
Spotify,x100 Cuentas Spotify Premium Diferentes Planes,2018,09,20,22,david22,153
Spotify,X10 spotify premium,2018,09,20,21,david22,66
Otros,x200 Cuentas Fortnite Premium + skins + pickaxes,2018,09,20,20,Rontendo18,499
Otros,x20 Cuentas Steam + Juegos premium,2018,09,20,20,Rontendo18,130
Spotify,X4 spotify premium,2018,09,20,19,david22,62
Spotify,X10 spotify premium,2018,09,20,17,david22,60
Otros,X20 Cuentas cablevision Premium,2018,09,20,17,Rontendo18,223
Otros,x15 Cuentas WWE PREMIUM Autopagables,2018,09,20,17,Rontendo18,84
Spotify,X10 spotify premium,2018,09,20,16,david22,62
Otros,Cuentas FORTNITE premium + Skins,2018,09,20,12,Rontendo18,127
Otros,x30 Cuentas Rapidgator Premium,2018,09,20,12,Rontendo18,164
Spotify,X5 spotify premium,2018,09,20,11,david22,70
Otros,x10 Cuentas WWE NETWORK autopagables,2018,09,20,09,david22,81
Spotify,x07 spotify premium,2018,09,20,09,david22,61
Netflix,x6 Netflix Premium,2018,09,19,22,david22,161
Spotify,X5 spotify premium,2018,09,19,22,david22,59
Otros,x46 Cuentas Deezer Premium,2018,09,19,20,Rontendo18,87
Spotify,x50 Cuentas Spotify Premium,2018,09,19,20,Rontendo18,144
Spotify,X5 spotify premium,2018,09,19,20,david22,59
Spotify,X5 spotify premium,2018,09,19,18,david22,89
Otros,x3 Cuentas Crunchyroll Premium,2018,09,19,17,david22,101
Spotify,X10 spotify premium,2018,09,19,16,david22,75
Spotify,X10 spotify premium,2018,09,19,15,david22,61
Spotify,X5 spotify premium,2018,09,19,14,david22,66
Otros,Pack de Cuentas Uplay con juegos Premium,2018,09,19,13,Rontendo18,154
Spotify,x10 Spotify Premium,2018,09,19,09,david22,84
Otros,X460 Cuentas Crunchyroll Premium,2018,09,19,00,Rontendo18,106
Netflix,x6 Netflix Premium,2018,09,18,22,david22,120
Spotify,X5 spotify premium,2018,09,18,22,david22,103
Spotify,X5 spotify premium,2018,09,18,20,david22,108
Spotify,X5 spotify premium,2018,09,18,19,david22,65
Otros,x25 Cuentas Crunchyroll Premium,2018,09,18,18,Rontendo18,107
Spotify,X5 spotify premium,2018,09,18,17,david22,65
Spotify,X5 spotify premium,2018,09,18,12,david22,71
Otros,Pack de Cuentas Crunchyroll Premium,2018,09,01,16,Rontendo18,79
Otros,x18 Cuentas WWE premium 100% funcionales,2018,09,01,16,Rontendo18,61
Otros,x394 Cuentas ''Claro Video'' Premium,2018,09,01,14,Rontendo18,192
Otros,X5 cuentas VyprVPN ilimitado,2018,08,03,13,xnewsxz,185
Otros,x90 Cuentas Uplay Premium,2018,08,31,23,Rontendo18,94
Spotify,x120 Cuentas Spotify Premium,2018,08,31,21,Rontendo18,142
Otros,x16 Cuentas WWE Premium 100% Funcionales,2018,08,31,19,Rontendo18,80
Otros,x7000 Cuentas Fortnite variadas,2018,08,31,16,Rontendo18,80
Spotify,x600 Cuentas Spotify Premium Frescas Recièn hackeadas,2018,08,31,16,Rontendo18,165
Otros,Pack de cuentas Deezer Premium Gratis,2018,08,31,14,Rontendo18,99
Spotify,x30 Spotify Premium,2018,08,30,22,david22,79
Spotify,x30 Spotify Premium,2018,08,30,21,david22,72
Otros,Pack de Cuentas de HULU Premium,2018,08,30,21,Rontendo18,87
Netflix,Netflix gratis para siempre/Nuevo método actualizado/Agosto 2018,2018,08,27,21,Rontendo18,255
Spotify,x20 Spotify Premium,2018,08,30,11,david22,79
Spotify,X23 Cuentas de Spotify frescas y 100% funcionales,2018,08,30,00,Rontendo18,93
Spotify,x30 Spotify Premium,2018,08,29,20,david22,105
Spotify,X25 Cuentas de Spotify Plan familiar,2018,08,29,19,Rontendo18,127
Spotify,x30 Spotify Premium,2018,08,29,14,david22,97
Spotify,NUEVO MÉTODO PARA TENER SPOTIFY PREMIUM(MODO Setiembre 2018),2018,08,28,15,Rontendo18,99
Spotify,SPOTIFY PREMIUM 1315 ACCOUNTS!!!!,2018,08,28,12,leonlv14,76
Otros,Pàgina mejor que netflix/Agosto/Gratis 100%,2018,08,27,19,Rontendo18,167
Otros,Nuevo generador de cuentas de Netflix Spotify Hulu Fortnite y Minecraft,2018,08,27,13,Rontendo18,161
Spotify,Pack gigante de cuentas spotify-Autopagables-Premium,2018,08,27,01,Rontendo18,82
Otros,Pack de cuentas wwe Network 100% funcionales,2018,08,26,17,Rontendo18,165
Netflix,Generador de cuentas de NETFLIX SPOTIFY MINECRAFT Y FORTNITE,2018,08,25,15,Rontendo18,382
Spotify,x20 Cuentas Spotify Premium Diferentes Planes Autopagables,2018,08,24,14,david22,178
Spotify,x10 Spotify Premium,2018,08,23,11,david22,113
Spotify,x20 Spotify Premium,2018,08,22,21,david22,142
Otros,X20 Cuentas WWE Network Premium Autopagables,2018,08,22,21,david22,124
Netflix,X1 Netflix Premium,2018,08,20,14,david22,220
Otros,X20 Cuentas WWE Network Premium Autopagables,2018,08,21,20,david22,598
Spotify,x20 Spotify Premium,2018,08,21,20,david22,123
Spotify,x20 Cuentas Spotify Premium,2018,08,21,08,david22,135
Spotify,x20 Cuentas Spotify Premium,2018,08,20,23,david22,312
Spotify,x10 Cuentas Spotify Premium,2018,08,20,14,david22,100
Otros,X20 Cuentas WWE Network Premium,2018,08,20,14,david22,145
Spotify,x16 Cuentas Spotify Premium,2018,08,20,12,david22,99
Otros,x16 Cuenta Claro Video Full,2018,08,20,12,david22,121
Spotify,x10 Cuentas Spotify Premium,2018,08,19,19,david22,94
Otros,X10 Cuentas WWE Network Premium,2018,08,18,20,david22,231
Spotify,x10 Cuentas Spotify Premium,2018,08,19,17,david22,69
Spotify,x10 Cuentas Spotify Premium,2018,08,19,16,david22,95
Spotify,x5 Cuentas Spotify Premium,2018,08,18,18,david22,181
Spotify,x10 Cuentas Spotify Premium,2018,08,18,13,david22,185
Spotify,x40 Cuentas Spotify Premium,2018,08,18,10,david22,113
Spotify,x30 Cuentas Spotify Premium,2018,08,17,23,david22,138
Spotify,X30 Cuentas Spotify Premium,2018,08,17,20,david22,99
Spotify,x334 cuentas spotify premium + Familiar,2018,08,17,15,david22,122
Netflix,X1 Netflix Premium,2018,08,17,09,david22,99
Spotify,x20 Cuentas Spotify premiumfamily,2018,09,25,10,david22,97
Otros,x192 Cuentas Origin + Capture Games Premium,2018,09,24,23,Rontendo18,104
Otros,x66 Cuentas Fortnite Premium + Skins + Pickaxes,2018,09,24,23,Rontendo18,123
Spotify,X5 Cuentas Spotify Premium Autogable,2018,09,24,20,david22,67
Spotify,X15 Cuentas Spotify Premium Autogable,2018,09,24,19,david22,104
Otros,x40 Cuentas WWE NETWORK 100% Funcionales y Autopagables,2018,09,24,19,Rontendo18,113
Otros,x100 Cuentas Hulu Premium,2018,09,24,19,Rontendo18,95
Spotify,X5 Cuentas Spotify Premium Autogable,2018,09,24,17,david22,63
Otros,x22 cuentas wwe network premium,2018,09,24,16,david22,64
Spotify,X5 Cuentas Spotify Premium Autogable,2018,09,24,16,david22,72
Spotify,X15 Spotify Premium,2018,09,24,15,cesarkjv,113
Otros,X5 cuentas crunchyrrol premium,2018,09,24,14,cesarkjv,50
Spotify,X5 Cuentas Spotify Premium Autogable,2018,09,24,14,david22,79
Spotify,X20 Cuentas Spotify Premium Autogable,2018,09,24,13,david22,94
Otros,x19 cuentas wwe network premium,2018,09,24,13,david22,64
Netflix,x9 Netflix Premium,2018,09,24,13,Rontendo18,102
Spotify,30 cuentas spotify premium,2018,09,24,13,Rontendo18,76
Spotify,X20 Cuentas Spotify Premium Autogable,2018,09,24,13,david22,92
Spotify,X12 Cuentas Spotify Premium,2018,09,24,12,cesarkjv,73
Otros,X13 Cuentas Crunchyroll premium,2018,09,24,10,david22,99
Netflix,[x2] Cuentas NETFLIX PREMIUM,2018,09,24,09,ELNegro,94
Netflix,[x5] Cuentas NETFLIX PREMIUM,2018,09,24,09,BlossH,148
Netflix,[x10] Cuentas de NETFLIX PREMIUM AUTOPAGABLES,2018,09,24,09,ELNegro,93
Spotify,x50 Spotify Autopagables con direfentes suscripciónes,2018,09,24,02,zMasterx,63
Spotify,X4 spotify premium for family,2018,09,24,02,cesarkjv,98
Spotify,x46 Cuentas Spotify Premium Plan familiar,2018,09,23,23,Rontendo18,76
Otros,x60 Cuentas Hulu Plus Premium,2018,09,23,23,Rontendo18,102
Otros,Cuentas Mediakey Para Fox Premium,2018,09,23,20,Rontendo18,146
Netflix,x30 Cuentas Netflix Premium Pantallas HD-Ultra HD 4K,2018,09,23,20,Rontendo18,181
Spotify,x5 cuentas spotify todas for family,2018,09,23,20,david22,63
Spotify,x5 cuentas spotify todas for family,2018,09,23,19,david22,62
Spotify,X8 Cuentas SPOTIFY PREMIUM FOR FAMILY,2018,09,23,18,cesarkjv,68
Spotify,x5 cuentas spotify todas for family,2018,09,23,16,david22,71
Otros,X2Cuentas ufc,2018,09,23,14,cesarkjv,69
Spotify,X3 Cuentas Spotify Premium Autogable,2018,09,23,13,david22,102
Spotify,x17 Cuentas Spotify premiumfamily,2018,09,23,09,david22,77
Netflix,x15 Cuentas Netflix Premium Autopay subscripcion HD-High HD,2018,09,23,00,Rontendo18,158
Spotify,x35 Cuentas Spotify Premium Autopagables,2018,09,23,00,Rontendo18,168
Otros,Cuentas Steam Juegos Premium,2018,09,23,00,Rontendo18,130
Otros,x 46 Cuentas VYPR VPN Free,2018,09,23,00,Rontendo18,119
Spotify,x5 Cuentas Spotify Premium  Autopagables,2018,09,22,22,david22,77
Spotify,x5 Cuentas Spotify Premium  Autopagables,2018,09,22,21,david22,63
Spotify,x5 Cuentas Spotify Premium  Autopagables,2018,09,22,20,david22,70
Spotify,x5 Cuentas Spotify Premium  Autopagables,2018,09,22,19,david22,62
Otros,×4 cuentas claro video premium,2018,09,22,18,cesarkjv,90
Spotify,X10 spotify premium,2018,09,22,17,david22,103
Spotify,X5 spotify premium,2018,09,22,16,david22,72
Spotify,X20 spotify premium,2018,09,22,16,david22,70
Otros,Napster Premium Cuentas,2018,09,22,15,Rontendo18,128
Otros,Pagina Mejor que Netflix-Completamente Gratuito 100% Funcional,2018,09,22,14,Rontendo18,82
Netflix,X6 Netflix Premium,2018,08,16,17,david22,149
Netflix,X5 Cuentas Netflix Premium,2018,08,15,20,david22,119
Netflix,X5 Cuentas Netflix Premium,2018,08,15,17,david22,87
Netflix,X5 Cuentas Netflix Premium Autopagables,2018,08,15,16,david22,167
Netflix,X2 Netflix Premium,2018,08,15,13,david22,88
Netflix,X2 Netflix Premium,2018,08,15,12,david22,70
Netflix,X3 Netflix Premium,2018,08,14,21,david22,114
Netflix,X5 Netflix Premium,2018,08,14,20,david22,147
Netflix,X1 Netflix Premium,2018,08,14,20,david22,94
Netflix,X1 Netflix Premium,2018,08,13,18,david22,109
Otros,X2 CUENTAS PREMIUM DIRECTV  ENTERTAINMENT ALL INCLUDED  Add-Ons - HBO,2018,08,11,20,david22,196
Netflix,X1 Netflix Premium,2018,08,12,17,david22,95
Netflix,X3 Netflix Premium,2018,08,12,15,david22,75
Netflix,X3 Netflix Premium,2018,08,11,21,david22,135
Netflix,X3 Netflix Premium,2018,08,11,20,david22,86
Otros,Cuentas Premium DIRECTV ENTERTAINMENT ALL INCLUDED  Add-Ons,2018,08,11,19,david22,142
Netflix,x2 Netflix Premium,2018,08,11,19,david22,84
Netflix,x1  Netflix Premium,2018,08,11,19,david22,102
Netflix,x2 Cuentas Netflix Premium  (ULTRA HD),2018,08,11,14,david22,134
Spotify,x10 Cuentas Spotify Premium,2018,08,11,12,david22,152
Cookies,Cookies Netflix Premium x2,2018,08,10,20,david22,134
Netflix,X1 Netflx Premium,2018,08,10,16,david22,150
Netflix,X2 Netflx Premium,2018,08,10,13,david22,85
Netflix,X1 Netflix Premium,2018,08,09,20,david22,154
Spotify,X6 Cuentas Spotify Premium Autopagables,2018,08,09,20,david22,155
Spotify,X6 Cuentas Spotify Premium Autopagables,2018,08,09,19,david22,96
Spotify,X4 Cuentas Spotify Premium Autopagables,2018,08,09,19,david22,126
Spotify,x47 spotify Premium,2018,08,09,12,david22,92
Netflix,NETFLIX PREMIUM ULTRA HD,2018,08,08,21,david22,110
Netflix,X2 Cuentas Netflix Premium Autopagables,2018,08,08,23,david22,120
Spotify,x50 Spotify Premium y Family Recien extraidas,2018,08,08,22,david22,99
Netflix,X1 NETFLIX PREMIUM ULTRA HD,2018,08,08,22,david22,100
Netflix,X2 Netflx Premium,2018,08,08,20,david22,61
Netflix,X5 Cuentas Netflix Premium Autopagables 08/08/2018,2018,08,08,16,david22,179
Spotify,x104 Cuentas Spotify Diferentes Planes 08-08-2018 + 637 Cuentas Free,2018,08,08,12,david22,120
Spotify,X5 Cuentas Spotify Premium Autopagables AGOSTO 2018,2018,08,07,21,david22,93
Spotify,69 cuentas spotify Premium 8-8-2018,2018,08,07,21,david22,77
Spotify,x31 Cuentas Spotify Premium [Autopagables] [Premium] [8/8/18],2018,08,07,20,david22,80
Bins,BIN TIDAL PREMIUM,2018,08,06,17,Tecnomundo,85
Netflix,x1 Netflix Premium,2018,08,05,18,david22,108
Netflix,X1 NETFLIX PREMIUM,2018,08,04,21,david22,130
Netflix,x1 Netflix Premium,2018,08,04,13,david22,114
Netflix,x1 Netflix Premium,2018,08,04,13,david22,84
Netflix,x1 Netflix  Premium,2018,08,04,13,david22,108
Spotify,x235 Cuentas Spotify Premium diferentes Planes.,2018,08,01,13,david22,160
Netflix,x5netflix,2018,08,01,00,Elvira24,92
Spotify,x200 cuentas spotify premium + familiar,2018,07,31,22,david22,218
Netflix,Netflix Premium x1,2018,07,31,22,david22,87
Otros,x25 cuentas Musical.ly,2018,07,31,21,david22,89
Otros,Proxys Frescos Elite/Anonymous/Transparent,2018,07,30,00,kenlan12,288
Netflix,x10 Netflix,2018,07,28,17,david22,314
Netflix,x3 cookies Netflix- google chrome [26/07/2018],2018,07,26,19,david22,102
Netflix,x4 cookies Netflix- google chrome [25/07/2018],2018,07,25,20,david22,79
Netflix,x2 cookies Netflix- google chrome [25/07/2018],2018,07,25,20,david22,99
Netflix,Cuentas De Neflix Premiun!! no les cambien la clave ni el correo,2018,07,25,17,xlJorgitholx,105
Spotify,Cuenta  Netflix 24/07,2018,07,24,20,david22,188
Netflix,x49 Spotify Premium Accounts (Family and Student Plan),2018,07,24,20,david22,136
Netflix,NETFLIX (07-23-2018) X2,2018,07,23,10,david22,137
Netflix,NETFLIX (07-23-2018),2018,07,23,10,david22,193
Netflix,NETFLIX (07-23-2018) x1,2018,07,23,10,david22,99
Netflix,NETFLIX (07-23-2018) x1,2018,07,23,10,david22,82
Netflix,Netflix Premium 4k UHD X2,2018,07,22,21,david22,134
Netflix,Netflix Premium 4k UHD X2,2018,07,22,21,david22,100
Netflix,Netflix Premium 4k UHD X2,2018,07,22,21,david22,110
Netflix,Netflix Premium 4k UHD X2,2018,07,22,21,david22,118
Netflix,Netflix Premium 4k UHD X2,2018,07,22,21,david22,100
Netflix,X1 cookies Netflix- google chrome [21/07/2018],2018,07,21,22,david22,120
Netflix,x1 Cookies Netflix Premium Ultra HD 22/07/18,2018,07,21,22,david22,129
Netflix,x2 Cookies Netflix Premium Ultra HD 22/07/18,2018,07,21,22,david22,186
Netflix,x2 Cookies Netflix Premium Ultra HD 22/07/18,2018,07,21,22,david22,79
Spotify,x2 Cookies Netflix Premium Ultra HD 22/07/18,2018,07,21,22,david22,131
Otros,x20 SPOTIFY PREMIUM,2018,07,19,10,Cuentas Premium,257
Otros,NUEVAS PROXIES USA 500k HQ 19/07/18,2018,07,19,09,Cuentas Premium,110
Bins,(Para Sentry MBA) 108k HQ Combo (Fortnite  Minecraft  Spotify  Hulu  Uplay  Origin...),2018,07,19,09,Cuentas Premium,119
Bins,BIN DE CRUNCHYROLL,2018,07,17,11,kenlan12,184
Netflix,BIN Netflix,2018,07,11,08,torrent,293
Otros,x5 Cookies Netflix Premium Chrome 11/07/18,2018,07,11,08,torrent,198
Otros,CUENTAS UFC (Ultimate Fighting Championship),2018,07,11,08,torrent,260
Bins,Socks Proxy Frescos,2018,07,07,00,kenlan12,309
Netflix,BIN NAPSTER,2018,07,06,19,kenlan12,166
Netflix,x50 Cuentas Netflix,2018,07,06,10,Cuentas Premium,304
Otros,x20 cuentas Netflix,2018,07,03,15,Cuentas Premium,410
Otros,NEW [Fortnite Account with 10+ Skins],2018,07,02,11,JoseChapala,143
Otros,199k Proxies recién sacados 02/07/18,2018,07,02,10,Cuentas Premium,141
Spotify,Uplay Cuentas x30 Full Juegos,2018,07,01,17,Cuentas Premium,170
Spotify,x5 Cuentas Spotify Premium,2018,07,01,17,Cuentas Premium,169
Otros,x5 Cuentas Spotify Premium,2018,06,30,23,Cuentas Premium,120
Cookies,Cuentas de Crunchyroll,2018,06,30,10,kenlan12,147
Otros,semrush 23-5-2018,2018,05,23,06,torrent,284
Netflix,x5017 Proxies Sacados Recientemente Elite/Anonymous/Transparent,2018,06,28,05,kenlan12,337
Bins,X6 cookies Netflix- google chrome,2018,06,27,22,torrent,125
Otros,BIN NETFLIX (PAYPAL) FUNCIONAL 27/06/2018,2018,06,27,22,torrent,214
Otros,x16 Cuentas Hulu Premium Auto-Pagables,2018,06,27,22,torrent,140
Otros,Hulu Premium x30,2018,06,27,22,torrent,129
Otros,Cuentas de Skype,2018,06,26,16,kenlan12,165
Otros,Cuenta Premium de Hulu,2018,06,25,12,kenlan12,137
Netflix,x17 Cuentas de Hulu,2018,06,25,10,kenlan12,147
Netflix,x12 Cuentas de Netflix,2018,06,24,20,kenlan12,394
Otros,x10 Cuentas de Netflix,2018,06,25,00,kenlan12,185
Spotify,X10 spotify premium,2018,09,18,11,david22,59
Spotify,x5 Spotify Premium,2018,09,17,21,david22,97
Spotify,x5 Spotify Premium,2018,09,17,20,david22,80
Netflix,x4 Netflix Premium,2018,09,17,20,david22,140
Spotify,x5 Spotify Premium,2018,09,17,19,david22,87
Spotify,x5 Spotify Premium,2018,09,17,17,david22,87
Spotify,x5 Spotify Premium,2018,09,17,17,david22,68
Netflix,x2 Netflix Premium,2018,09,17,16,david22,96
Otros,x5 wwe network premium,2018,09,17,15,david22,85
Spotify,x5 Spotify Premium,2018,09,17,12,david22,98
Otros,x5 Cuentas Crunchyroll,2018,09,17,11,david22,86
Otros,x5 Cuentas WWE Network Premium,2018,09,17,10,david22,54
Netflix,x6 Netflix Premium,2018,09,16,22,david22,100
Spotify,x5 Spotify Premium,2018,09,16,21,david22,96
Netflix,x4 Netflix Premium,2018,09,16,20,david22,97
Spotify,x5 Spotify Premium,2018,09,16,19,david22,124
Spotify,x5 Spotify Premium,2018,09,16,15,david22,70
Spotify,Spotify Premium,2018,09,16,15,david22,58
Otros,x8 Cuentas WWE Network Premium Autopagables,2018,09,15,20,david22,370
Spotify,x10 Cuentas Spotify Premium Diferentes Planes Autopagables,2018,09,15,18,david22,86
Spotify,x10 Cuentas Spotify Premium Diferentes Planes Autopagables,2018,09,15,12,david22,104
Spotify,x10 Cuentas Spotify Premium Diferentes Planes Autopagables,2018,09,15,10,david22,88
Spotify,x5 Cuentas Spotify Premium Diferentes Planes Autopagables,2018,09,14,21,david22,84
Spotify,x5 Cuentas Spotify Premium Diferentes Planes Autopagables,2018,09,13,22,david22,89
Spotify,x5 Cuentas Spotify Premium Diferentes Planes Autopagables,2018,09,13,20,david22,70
Spotify,x10 Cuentas Spotify Premium Diferentes Planes Autopagables,2018,09,13,18,david22,136
Spotify,x5 Cuentas Spotify Premium Diferentes Planes Autopagables,2018,09,13,15,david22,132
Spotify,x5 Cuentas Spotify Premium Diferentes Planes Autopagables,2018,09,13,14,david22,67
Spotify,x5 Cuentas Spotify Premium Diferentes Planes Autopagables,2018,09,13,12,david22,69
Netflix,[X5] CUENTAS NETFLIX,2018,09,13,10,Bloss,169
Spotify,x9 Cuentas Spotify Premium,2018,09,13,10,david22,71
Spotify,x10 Cuentas Spotify Premium Diferentes Planes Autopagables,2018,09,12,22,david22,79
Spotify,x10 Cuentas Spotify Premium Diferentes Planes Autopagables,2018,09,12,20,david22,67
Otros,x5 Tarjetas de Xbox Live,2018,09,12,20,david22,81
Spotify,x5 Cuentas Spotify Premium Diferentes Planes Autopagables,2018,09,12,20,david22,63
Spotify,x10 Cuentas Spotify Premium Diferentes Planes Autopagables,2018,09,12,17,david22,80
Spotify,x10 Cuentas Spotify Premium Diferentes Planes Autopagables,2018,09,12,17,david22,66
Spotify,x9 Cuentas Spotify Premium Diferentes Planes Autopagables,2018,09,12,14,david22,66
Spotify,x5 Cuentas Spotify Premium Diferentes Planes Autopagables,2018,09,12,12,david22,60
Spotify,x5 Cuentas Spotify Premium Diferentes Planes Autopagables,2018,09,12,10,david22,59
Spotify,x5 Cuentas Spotify Premium,2018,09,12,08,david22,80
Otros,Cuentas Crunchyroll Premium,2018,09,11,23,Rontendo18,139
Otros,wwe Network x30 Premium,2018,09,11,23,Rontendo18,72
Spotify,x10 Cuentas Spotify Premium Diferentes Planes Autopagables,2018,09,11,21,david22,80
Spotify,x300 Cuentas Spotify Premium 100% Funcionales,2018,09,11,20,Rontendo18,176
Otros,x35 Cuentas Claro Video Premium,2018,09,11,20,Rontendo18,166
Spotify,x5 Cuentas Spotify Premium Diferentes Planes Autopagables,2018,09,11,20,david22,68
Otros,Cuenta ottplayer Sept 2018 con 10 listas Funcionando - Mega,2018,09,11,20,fdosantacruz,275
Spotify,x13 Cuentas Spotify Premium Diferentes Planes Autopagables,2018,09,11,18,david22,132
Spotify,x5 Cuentas Spotify Premium Diferentes Planes Autopagables,2018,09,11,17,david22,71
